検索,45530034
購入,17061294
一緒,15509155
戻る,15046627
監督,7857019
雰囲気,7366113
釣り,7038432
患者,6295091
金融,5577291
充実,5372230
分析,4926854
診療,4325151
挑戦,4106720
症状,4102193
診断,3875639
嫌い,3767853
実践,3638616
眺め,3165069
余裕,3161427
無駄,3150087
合併,3141851
丁寧,3135011
唯一,2893516
栽培,2857945
化粧,2835656
弊社,2783674
廃止,2647275
解析,2546441
貢献,2523576
駄目,2476292
癒し,2439984
購読,2428572
履歴,2358792
戻り,2358553
妊娠,2346558
宜しく,2331899
頑張り,2320367
交渉,2309793
洗濯,2302857
徹底,2296373
銘柄,2220066
矯正,2194034
把握,2184590
妄想,2159746
疾患,2106040
捜査,1966926
臭い,1960350
懐かしい,1942911
一括,1922173
充分,1875785
搭載,1857572
生涯,1841077
廃棄,1793699
堪能,1770725
訴訟,1753356
披露,1750696
拒否,1739580
詐欺,1672045
報酬,1647149
循環,1592093
繊維,1562117
推薦,1514918
探偵,1507869
睡眠,1483706
麻生,1417922
賠償,1410981
但し,1384648
漬け,1357693
渋滞,1344919
融資,1233439
官僚,1218290
補償,1215188
同僚,1183477
酷い,1180692
文献,1171489
過剰,1167240
受診,1152470
推奨,1146138
相撲,1131056
免疫,1130275
戻す,1116744
診察,1075897
洗浄,1069443
倫理,1064928
懸念,1063760
撤退,1038916
頻繁,1032079
検診,1023069
表彰,1020076
頑張る,1017329
迅速,1011640
融合,1007371
土壌,990908
返還,989864
水槽,970711
褒め,962053
一斉,955429
挿入,938185
充電,933928
柔軟,918009
傑作,915307
併用,909568
機嫌,895327
昆虫,891893
庶民,879219
発症,871280
稼ぎ,865330
昆布,864452
還元,841882
別荘,837056
妥当,822287
稼ぐ,814248
繊細,810759
素朴,807634
頻度,796546
磨き,796056
偏差,784563
無償,779156
媒体,770531
眺める,767040
逸品,755946
撤去,749479
抹茶,747554
探索,741452
麻酔,736007
釣果,733606
浄化,725536
症例,723564
細菌,720317
薦め,712498
忍者,706697
艦隊,696961
渓谷,695384
石垣,690867
涼しい,689718
船舶,682970
懇談,678880
偽装,678806
砂漠,674093
眺望,669226
肯定,662735
懐かし,642555
帰還,641040
不倫,640511
網羅,636375
附属,634779
洪水,633694
紳士,633318
不妊,632469
教諭,630215
併設,624614
附則,615227
愚痴,614835
管轄,610071
楽譜,608860
懐石,607445
捜索,600014
吟醸,599711
示唆,593388
制覇,592702
稼働,586543
情緒,585438
醸造,584670
発祥,576705
炎症,576179
取り戻し,573550
下痢,571796
肖像,569901
秩序,568583
消耗,567252
妊婦,566722
欠陥,563590
美肌,563305
蛍光,562884
山荘,561333
喪失,556526
挑む,553146
泥棒,545120
封筒,543107
懇親,541256
戦艦,535434
漬物,534485
本棚,534116
干渉,532189
模索,530565
献金,530098
過疎,529679
偏見,527127
恐竜,525981
渓流,516749
触媒,516034
中核,515088
懲役,513939
且つ,513721
妥協,511431
補充,510840
高騰,509779
硫黄,505815
壮大,505192
総括,504969
麻薬,500428
津波,493053
奨励,492169
誓い,490121
愉快,490093
病棟,489096
懸賞,487958
釣れる,484695
虚偽,484018
靴下,483078
拡充,482604
囲碁,481667
残酷,478151
治癒,476808
浴槽,475695
償却,475161
顕著,473145
嫌がらせ,472484
培養,471083
閑静,467977
真珠,462225
扶養,461934
解剖,460317
変遷,460151
枠組み,454423
猶予,449781
履き,449290
廃車,448742
搭乗,446380
稼動,445275
殺菌,439869
過酷,438074
包括,432186
法廷,430957
厄介,430893
模擬,426963
撤回,426086
大嫌い,425926
重症,425395
追悼,424611
沸騰,422253
連覇,418387
誘拐,417371
普遍,417182
内緒,416991
奨学,416806
嫌悪,416756
摩擦,415846
主宰,415054
川柳,411476
刃物,408673
痴漢,404899
懲戒,404626
稼げる,399773
褒美,396365
遮断,394635
料亭,394018
閣僚,393802
拒絶,393517
懸命,391477
徹夜,390503
磨く,385025
大相撲,383906
献立,383128
釣り場,379978
履修,379667
口臭,379524
抗菌,377667
挑発,376492
購買,373326
大麻,370900
中枢,370700
杉山,365133
奨め,364375
浄水,361578
婚姻,361523
斎場,359282
片隅,356775
遍路,356542
贈呈,352275
叔父,349147
頑固,348339
余韻,348217
缶詰,347636
下駄,345846
併合,344826
研磨,343514
清浄,342725
窃盗,340879
偽造,340256
謙虚,337607
均衡,337606
履行,337433
貨幣,336083
透析,335409
朝廷,331597
捜し,331102
出汁,329799
拷問,327440
定款,325220
渋い,324934
償還,323768
逝く,322136
果汁,321329
粉砕,321273
棚田,316734
吟味,315674
還暦,315133
索引,313562
捕虜,312323
偽り,312275
陥る,309410
統括,308246
傘下,307181
仙人,307140
亜鉛,305316
結核,303753
癒す,303713
釣る,301359
累計,301239
醜い,295794
発泡,292749
偵察,292248
和尚,291995
適宜,290892
核心,289727
自粛,288600
泡盛,287407
今宵,285480
呉服,285383
撤廃,282516
由緒,282021
還付,281940
好き嫌い,281350
桟橋,277577
釣具,277176
軍艦,276771
宮廷,276193
邸宅,275997
献血,275226
旋律,274705
歯磨き,274305
弊害,273602
伯爵,273242
系譜,270116
飢え,267612
撤収,266873
褐色,265603
租税,264445
竜馬,264010
壮絶,262994
浄土,262055
嫌う,261703
緒方,261531
崇拝,260842
秀逸,260729
海藻,260184
駆逐,259884
派閥,259029
競艇,258242
盆栽,257575
官邸,257249
嫌気,257105
垣間見,256488
勲章,254732
挿絵,252825
艦長,251629
寄附,249980
抹消,248833
献上,245758
叔母,243439
富裕,241924
堀川,240551
旋回,240438
威嚇,239059
真偽,238797
麻布,237528
特捜,236242
鳥肌,236016
忍耐,235897
紙幣,235763
酪農,235662
爆睡,234557
撲滅,233686
無駄遣い,233671
空洞,232186
満塁,231894
頑丈,230544
約款,230219
媒介,229841
括弧,229702
偽善,229592
避妊,229387
偽物,229369
侮辱,229260
代償,228358
感銘,226834
柳川,225397
糾弾,224042
挿し,222565
蛇口,222457
廃業,222320
癒着,221479
音痴,221121
硫酸,221105
逸脱,220610
荒廃,220164
肌触り,219984
書斎,219745
竜王,219615
煩悩,217884
男爵,217683
入江,217385
鉢植え,217097
ポン酢,214625
筒井,213907
軟骨,213440
硝子,212815
寛容,212463
哀愁,212417
遺憾,212094
享受,211939
生還,211431
長靴,210852
偏り,210721
清涼,210645
漆黒,210386
軍曹,210373
亭主,210163
貝塚,208455
剰余,207482
来賓,206572
逸話,205688
頒布,205560
履く,205454
裕福,204685
進呈,203621
拙者,202637
擬似,202445
囚われ,202266
抹殺,200799
漆器,200371
素肌,199362
凹凸,199328
悪臭,199139
休診,198951
管弦楽,198160
大尉,196522
誓う,195895
嫌味,195831
忍び,194800
金剛,194203
銃撃,192343
譜面,190652
融通,190532
年俸,189149
堕落,188744
累積,187832
挟む,187747
財閥,186681
露呈,186681
窮屈,184647
有償,184248
垣根,184216
陥落,184136
囚人,183608
貝殻,182861
大雑把,182787
廃絶,182435
修羅,182005
頻発,181608
献身,181243
汚泥,180552
充当,180371
漸く,180341
三塁,179346
廃人,178708
寛ぎ,178642
下肢,178203
剛性,178154
塾長,177461
水仙,177187
熟睡,176623
駐屯,176357
神棚,175556
数珠,174811
余剰,174570
肌寒い,174174
扶助,173496
偏向,172990
銃弾,172835
円筒,172821
草履,172801
洞察,172646
便宜,172532
奔走,172312
患部,172265
寧ろ,172041
宜しい,171713
盗塁,171036
溶融,170454
遷移,170334
血栓,169782
肌荒れ,169104
王妃,169077
顕彰,168866
大蛇,168218
謄本,168209
歯茎,168091
気泡,167182
尚更,167065
伯父,166916
平衡,166357
荘厳,166147
新譜,165531
一塁,165244
安泰,165153
体臭,164826
憤り,164567
奪還,163064
花瓶,162762
納涼,162564
珠玉,162474
充てる,162041
閑散,161995
挟み,161788
直轄,161516
偽者,161499
友禅,161434
盲目,161046
覇権,159787
充足,158936
恐喝,158694
野良猫,158344
総督,157772
賜物,157313
硫化,157013
出塁,156978
打診,156745
儒教,156655
羅列,156149
禅師,155324
小鉢,154817
挑み,154422
充満,153255
軟弱,153110
遷都,153017
早慶,152009
旋風,151936
疎通,151762
飢餓,151530
銘菓,151123
摩耗,150338
懐中,150247
睡魔,149719
風鈴,149645
中尉,149385
疲弊,149325
破砕,149170
書棚,148993
枯渇,148551
覇者,148209
擬人,146663
雪渓,146595
空き缶,146534
艦船,146193
青柳,145844
重曹,145828
窮地,145752
初診,145297
悠久,144896
塩漬け,144120
払い戻し,143782
泥沼,143375
招き猫,143240
弦楽,142958
二塁,142733
逝去,142594
誓約,141656
軟式,141652
画伯,141460
督促,141200
竜巻,140941
醸成,140337
四肢,140129
出稼ぎ,139828
宰相,139723
長蛇,139417
晩酌,139170
塾生,138064
据え置き,137851
駄文,137840
懇願,137578
凸凹,137338
凹み,136268
産廃,136250
蛇足,136250
沸く,136172
冷酷,136121
甲羅,134498
酢酸,133957
困窮,133553
紡ぎ,133234
批准,133102
地殻,132870
検疫,132043
拙い,131863
溶媒,131785
問診,131145
少尉,130566
奔放,130071
懐疑,129954
疫学,129863
水筒,129679
懸け,129340
疫病,129008
肢体,128905
戻れる,128234
頑張れる,127538
逆戻り,126514
顕在,126506
銘酒,126382
思索,126228
豚汁,125855
廃校,125072
疎い,125038
酷使,124965
硝酸,124806
玉砕,124744
酢の物,124618
召還,124510
提督,124379
日傘,124130
疎開,123387
肌着,123197
憤慨,123147
公爵,122685
寛大,122523
褒める,122523
甚大,122501
打撲,122119
甲殻,122028
元帥,121587
詐称,121517
診査,121263
艦艇,120646
懸案,119847
甚だ,119698
蚊帳,119662
稚拙,119607
脱臭,119505
弁償,118746
遮る,118491
非核,118017
家督,117025
所轄,116817
駄作,116645
崇高,116603
勇壮,116351
厄除け,116314
謹慎,115780
括り,115740
拒ん,115672
護摩,115572
郷愁,115480
法曹,115380
座禅,115325
窯元,115308
泥酔,115153
拒む,114351
泡立て,114215
斉唱,113673
紡ぐ,113634
統廃合,113519
覇王,113012
廃盤,112912
伯母,111913
釣り船,111794
酷似,111584
怠惰,111172
滅菌,110651
杉原,110308
送還,109874
急騰,109468
球菌,109180
見附,109030
捜す,106996
煮汁,106979
呈する,106653
側溝,106279
臭気,106169
肉汁,105954
遮光,105841
上棟,105774
培地,105723
懲罰,105379
茶漬け,105120
雑菌,104791
宣誓,103728
強壮,102605
磨耗,101883
渇き,101732
霜降り,101509
酷評,101423
肌色,101375
下僕,101164
煩雑,100777
豪邸,99993
禅宗,99675
甘酢,99449
蛇行,99331
だし汁,98992
厳粛,98882
壮観,98826
更迭,98778
陥没,98757
疎外,98547
薦める,98295
核酸,98122
気筒,97672
隅っこ,96936
自賠責,96571
併記,96240
買い戻し,96163
涼風,95789
喪主,95741
無臭,95678
崇敬,95303
銃口,94832
地肌,94687
旋盤,94602
粛清,93665
異臭,93407
荘園,93389
達磨,93343
挿し木,93205
廃材,93181
甚だしい,92493
防疫,92469
淑女,92264
年貢,91988
稼業,91629
諭し,91315
薫り,91261
渦巻く,91180
応酬,91154
懇話,90926
あん摩,90350
逐次,90184
吉祥,90087
遍歴,89910
充血,89417
惰性,89319
徹する,88772
往診,88565
垣間見る,88367
可塑,88113
庶務,87377
盲点,87333
寡黙,87165
懐古,87163
猫背,87148
小銃,87095
別邸,87044
機銃,86492
銃器,86364
軽症,86362
渦中,86361
壮年,86061
凹む,85518
遮音,85446
棋譜,85318
山肌,84842
棚卸,84643
口唇,84519
罷免,83995
旗艦,83691
総帥,83542
喪服,83392
偽名,83133
逸材,83079
廃案,82973
軟調,82888
厄年,82344
唯物,82288
懸垂,82265
薫る,82194
左遷,82078
銃声,81924
菌糸,81814
羅漢,81125
償い,81045
高尚,81032
叙情,80866
小柳,80851
叙述,80555
抜け殻,80353
藻類,80245
併願,80144
残忍,80132
後戻り,80094
附帯,80085
紡績,80063
頻出,79890
履物,79714
融和,79617
悲壮,79522
母艦,79323
疎遠,79140
無菌,78994
老廃,78985
渇水,78754
慶び,78732
泡立ち,78602
堪える,78052
一抹,78028
瓶詰め,77981
火鉢,77876
冷徹,77847
幕僚,77806
脳症,77652
涼やか,77567
竜神,77208
面倒臭い,77037
汁物,76628
塁打,76275
俸給,76252
醜態,75802
急逝,75759
収賄,75584
附近,75253
全廃,75113
弾劾,74923
懇切,74844
宝珠,74840
貫徹,74417
苦渋,74268
軟化,74216
廃屋,74122
渦巻き,74107
擬音,74057
壮行,74018
碁盤,73854
岩肌,73700
一喝,73663
軟水,73391
銃殺,73316
杉林,73266
妄言,72281
井筒,72260
抄録,71929
諸侯,71927
廃油,71868
厄払い,71652
盲人,71610
煩い,71562
刃先,71499
享年,71448
覇気,71434
還る,71433
すり鉢,71425
革靴,71399
診る,71321
災厄,71185
甚平,71114
廃液,71084
上肢,71058
入塾,70841
登竜門,70595
報奨,70568
献花,70330
四隅,70318
鼻緒,70069
洞穴,69983
塑性,69905
冷え症,69772
偏重,69657
症候,69525
艦載,69346
融雪,69202
喪中,69088
釣り堀,68076
竜宮,67937
殉職,67847
廃刊,67837
触診,67821
醜悪,67811
桟敷,67661
忍術,67375
酷暑,67332
融解,67152
諭す,67091
貞操,66754
念珠,66395
門扉,66320
入り江,66316
諸刃,66190
軟らかい,65913
疎水,65885
廃物,65706
嫡男,65332
艦橋,65044
逐一,64957
漬ける,64794
戸棚,64714
岩礁,64634
砕く,64543
釣堀,64435
儒学,64037
併発,64000
愁傷,63645
嫌疑,63543
外堀,63540
謁見,63288
冷媒,62962
琴線,62553
渇望,62518
生垣,62177
顕示,62156
急患,62067
枢軸,61739
疎か,61644
慶事,61631
自薦,61432
哀悼,61300
叙勲,61220
呈示,61180
侯爵,60876
砕石,60841
忍法,60795
棚上げ,60686
秋津,60337
胆汁,60199
撲殺,60152
山猫,60111
煩わしい,60059
亜麻,59934
仙石,59772
懐妊,59763
詐取,59602
悠長,59505
夕涼み,59373
堕ちる,59284
退廃,59121
据付,58994
渉外,58924
鈴虫,58868
石窯,58823
上履き,58751
酢豚,58672
襟元,58424
凡庸,58392
御曹司,58367
賄う,57900
白痴,57885
中庸,57879
銘木,57750
抄本,57658
白亜,57632
盲腸,57512
号俸,57460
扶桑,57380
逸らす,57248
廃品,57205
析出,57169
霜月,57169
沸かす,57120
暴騰,57115
弊店,57107
泥水,56980
据える,56979
防臭,56775
生臭い,56724
木酢,56598
小瓶,56469
愉しい,56407
菌類,56321
長閑,56144
往還,56033
聴診,55696
廃寺,55451
音韻,55424
語弊,55143
陥れる,55126
毛嫌い,55071
懇意,55022
謹製,54980
擬態,54812
廃水,54792
俊足,54782
懐かしむ,54739
自浄,54442
公邸,54086
遷宮,53778
自刃,53657
霊媒,53610
索敵,53578
据置,53564
寮生,53358
不肖,53037
顕正,52914
俊敏,52828
堕胎,52795
勅語,52600
釣り糸,52351
憤怒,52293
払戻し,52277
年譜,52232
曹長,52194
銃刀,52042
偏屈,51989
報償,51793
嫡子,51694
悼む,51652
端緒,51588
艦内,51461
尚早,51061
豪傑,50915
拙著,50872
患い,50861
勧奨,50781
珠算,50744
嫌煙,50743
花茎,50724
不浄,50702
慶弔,50680
銃身,50623
座礁,50564
勅使,50436
偏食,50432
人肌,50324
軟禁,50176
殉教,50089
弔う,49930
臭う,49886
茶寮,49638
拒食,49594
寡婦,49574
詩吟,49523
一遍,49509
泰平,49500
碁石,49333
融点,49211
有閑,49135
借款,48996
頑強,48925
寛げる,48923
石棺,48819
挿す,48731
屯田,48717
偏る,48669
銃剣,48621
釣り合い,48264
妊産婦,48209
引き戻し,48205
顕現,48187
私塾,47886
大枠,47806
灰汁,47658
他薦,47650
静粛,47563
偏在,47553
命懸け,47532
嫌み,47478
安寧,47429
釣り針,47425
賄い,47302
併走,47152
空堀,47017
沸点,47005
神仙,46989
鉢合わせ,46905
汁粉,46900
梅酢,46829
弔問,46669
折衷,46552
一徹,46196
改廃,46090
併殺,45874
醸す,45861
述懐,45770
銘板,45764
枠組,45759
吸殻,45755
褒章,45725
恩賜,45689
煮沸,45362
据え付け,45205
花柳,45153
嫡出,45142
還流,45125
弔辞,45047
水泡,45019
返戻,44939
偽札,44905
仙骨,44868
猟銃,44788
禅僧,44657
妥結,44476
紛糾,44430
勅命,44188
出廷,44173
窮状,43942
盲信,43764
壮麗,43696
青臭い,43550
子爵,43441
窯業,43187
荒涼,43170
一睡,43163
落款,43042
尼僧,43017
寛い,42973
謙譲,42968
拙速,42946
不貞,42856
譜代,42795
斎宮,42775
別棟,42758
別枠,42695
泰山,42683
享楽,42531
雪駄,42349
昇竜,42292
培う,42279
下賜,42252
朝貢,42048
愚痴る,42021
剛健,41979
土瓶,41968
軍閥,41802
緒戦,41787
俊英,41753
棚卸し,41752
病菌,41535
逓信,41401
内診,41396
泥臭い,41240
藩邸,41083
純朴,41056
興亜,40930
軟質,40869
償う,40795
銃砲,40607
海溝,40568
全盲,40316
江上,40141
納棺,40002
誓願,39931
渇く,39875
敵艦,39798
白蛇,39722
釣船,39666
肌身,39640
出戻り,39638
性懲り,39627
一隅,39620
懐メロ,39522
洞門,39302
釣人,39285
鉢巻,39281
充てん,39271
弔い,39134
傑出,39073
出奔,38775
凹部,38639
ばい菌,38563
堪忍,38507
義肢,38380
本塁,38337
散逸,38291
忍ぶ,38215
偏狭,38191
奔流,38155
砕ける,38111
懐柔,38030
化繊,37998
環礁,37853
冷涼,37851
毒蛇,37820
舶来,37813
累進,37616
爵位,37444
麻しん,37352
挿管,37312
反核,37194
本懐,37193
竹筒,37057
幸甚,36935
根茎,36870
尼寺,36812
両刃,36762
入寮,36732
寛ぐ,36558
内堀,36494
釣魚,36484
還り,36433
玉藻,36307
鉢物,36272
涼み,36134
鉄瓶,36102
呼び戻し,36090
一緒くた,36084
寡占,36066
泥んこ,36041
扉絵,36010
粛正,35951
廃部,35849
屯所,35826
投融資,35796
銘茶,35792
涼感,35723
酢漬け,35714
全寮,35674
歌仙,35651
半襟,35524
核種,35328
誤診,35213
懸ける,35206
主賓,35157
回診,35155
文盲,35153
贈賄,35126
寛解,35082
赤痢,35062
渋皮,34963
差し戻し,34953
犬猿,34937
雨傘,34910
蛇腹,34879
賜る,34728
愁訴,34680
多寡,34678
統帥,34493
教唆,34474
顕微,34317
平癒,34287
貴賓,34204
歯槽,34180
吸い殻,34170
木肌,34081
侮る,34039
戻せる,34004
艦上,33999
筒抜け,33891
村塾,33878
勅願,33824
渡渉,33812
酌量,33586
密偵,33545
水瓶,33536
唯識,33518
禅定,33301
偏愛,33290
厄除,33275
遷座,33191
剛毛,33187
偽証,33057
枠外,32941
禍根,32888
拙宅,32791
瓶詰,32753
弔慰,32724
荒稼ぎ,32685
英傑,32611
田浦,32581
払戻,32400
薫風,32347
正弦,32341
霜柱,32331
御幣,32250
宵山,32224
野猿,32152
王侯,32090
腐臭,32081
履ける,32060
渦潮,32024
殉死,31934
猿楽,31781
土塀,31636
挿し絵,31630
渋る,31575
御用邸,31461
鈴なり,31333
贈収賄,31272
租界,31074
吟行,31049
飾り棚,31037
茎葉,30883
刃渡り,30876
褒賞,30807
亜流,30624
呼び鈴,30618
暗礁,30527
損耗,30432
捜し物,30325
紡織,30308
公僕,30240
崇める,30168
懐紙,30120
把持,30054
生臭,30029
騰落,29741
求償,29521
賓館,29501
水の泡,29343
懲らしめ,29278
墨汁,29236
銘文,29155
宵宮,29038
泥まみれ,28963
但し書き,28949
へその緒,28945
靴箱,28919
漸次,28859
軟らか,28857
弔事,28713
妄信,28706
尚書,28669
生け垣,28648
泥炭,28547
弔電,28539
国賓,28410
蛇の目,28245
上唇,28226
英俊,28150
謹賀,28112
甚句,27972
鼻汁,27899
襟足,27847
けん銃,27818
偽る,27719
献呈,27700
難渋,27679
寮長,27666
尊崇,27604
釣鐘,27574
襟首,27498
茶漬,27436
竜頭,27389
索道,27350
痴態,27309
浅漬,27301
薫製,27252
きな臭い,26975
明倫,26896
愉悦,26800
逸失,26682
併売,26679
貢物,26675
泰然,26667
竜胆,26654
憤る,26580
激甚,26551
猫舌,26542
比丘尼,26535
渦巻,26486
腕相撲,26365
刃傷,26234
藻塩,26143
放逐,26094
浄財,26080
薫陶,25971
奉献,25943
窮乏,25868
軟便,25851
人垣,25765
湯沸かし,25764
併存,25760
患う,25744
惨禍,25724
貢ぎ,25710
泡立てる,25633
軟部,25575
囚われる,25459
儒者,25394
砕氷,25256
湯沸し,25209
猫じゃらし,25178
併結,25082
喝破,24944
挿話,24900
境涯,24853
尚武,24817
扶持,24811
風洞,24675
傘寿,24661
拝謁,24608
地団駄,24605
菌株,24576
回旋,24569
暗譜,24501
荘内,24497
缶詰め,24424
閑話,24373
白刃,24369
出棺,24315
臭素,24310
木琴,24199
詔書,24195
自邸,24144
偽書,24126
嫡流,24090
脱硫,23972
賓客,23895
清祥,23841
硬軟,23757
卵殻,23729
拘泥,23685
飢え死に,23671
肌寒,23650
貧窮,23618
廃れる,23510
寮歌,23396
上弦,23327
詔勅,23204
銘仙,23198
豪壮,23126
媒質,23078
白肌,23076
閑居,23067
白竜,22931
雪洞,22914
私邸,22874
混紡,22857
惰眠,22851
恭順,22736
腰砕け,22721
学寮,22649
偏心,22491
下弦,22475
疎ら,22439
貢ぐ,22427
併行,22394
戦禍,22379
附録,22336
釣瓶,22278
賄える,22250
駄馬,22192
剛体,22167
撤兵,22166
呉れる,21817
忍び込み,21785
板挟み,21680
後肢,21667
靴音,21657
歯磨,21631
竹垣,21598
首肯,21586
挟み込み,21575
学閥,21549
人嫌い,21481
バイ菌,21466
韻律,21466
舶用,21410
大瓶,21364
軟派,21362
落慶,21346
挟撃,21326
癒える,21277
残塁,21255
括る,21229
寛仁,21154
青垣,21150
竜骨,21103
勲功,21031
駄賃,21019
泡立つ,20999
出し汁,20985
麻黄,20879
地租,20724
挿画,20713
山猿,20676
憤死,20646
謄写,20645
猫又,20577
合繊,20576
蛇紋,20570
覇道,20546
外患,20528
虚妄,20517
妄執,20508
厄神,20435
存廃,20393
拙作,20289
選奨,20288
醜聞,20272
庶子,20242
前肢,20136
亜麻仁,20101
姻族,20006
挟み撃ち,19976
侮り,19975
玉垣,19957
剖検,19787
奉還,19773
猿真似,19760
吟詠,19746
漁礁,19740
時宜,19709
魚礁,19644
献納,19627
漸進,19583
わさび漬け,19580
廃虚,19576
すまし汁,19558
無駄足,19548
偽計,19533
麻の葉,19532
泥土,19503
磨ける,19481
参禅,19425
柔肌,19405
義憤,19338
酪酸,19299
累代,19278
逸れる,19268
献本,19256
享有,19253
衷心,19198
剛腕,19170
周旋,19159
暁星,19080
統轄,19046
食酢,18989
履き物,18926
患児,18925
乗艦,18880
飢える,18860
併催,18833
洞くつ,18760
焦げ臭い,18760
軍靴,18725
殊勲,18704
保菌,18685
把手,18684
殉難,18617
乳汁,18604
拙稿,18576
拙文,18573
塁間,18527
猿山,18462
番傘,18444
悼み,18443
癒せる,18417
開廷,18409
献体,18397
海竜,18391
鉢巻き,18390
偏執,18356
癒合,18333
午睡,18320
共稼ぎ,18315
水鉢,18304
献策,18287
怪傑,18252
租借,18245
銃後,18212
押忍,18210
女傑,18157
塁審,18101
剛直,18048
淑徳,18019
繊毛,18019
紡糸,18007
悠然,17943
逓減,17936
頑健,17924
培土,17911
仙女,17850
硝煙,17837
准尉,17832
図譜,17822
貞淑,17803
江湖,17778
元栓,17672
霜降,17668
経塚,17656
靴べら,17638
寮母,17633
寡聞,17544
患畜,17519
偏に,17484
但書,17451
麻実,17438
漠然,17385
色盲,17372
子煩悩,17357
還俗,17241
頑迷,17213
せん妄,17202
嗣子,17189
漸減,17147
勅許,17123
禅譲,17110
窮する,17107
武勲,17051
快癒,16966
慶祝,16955
災禍,16927
左隅,16923
旋法,16799
概括,16794
人倫,16757
懲らしめる,16756
拙攻,16733
内偵,16696
憤激,16686
透徹,16679
空疎,16658
管弦,16630
戻入,16620
女囚,16591
海猫,16565
韻文,16524
無銘,16521
寮費,16519
網棚,16462
雪柳,16455
臭覚,16435
抄訳,16423
擬宝珠,16375
銘記,16337
美醜,16304
擬制,16286
天涯,16281
泰斗,16237
無窮,16225
儒家,16214
憂愁,16200
爆砕,16187
鉢形,16182
堀端,16040
種菌,15961
靴擦れ,15945
片刃,15754
釣り銭,15743
宮邸,15721
遷延,15710
争訟,15702
愁い,15659
彫塑,15645
奇矯,15593
宵越し,15575
軟体,15487
権衡,15468
虜囚,15449
乾漆,15389
釣銭,15388
懐く,15374
核燃,15327
附子,15316
孫呉,15293
減俸,15274
伯仲,15268
併科,15264
茶筒,15244
懸かる,15235
賜杯,15181
叙任,15180
大筒,15170
青壮年,15158
壮烈,15146
猿芝居,15107
壮健,15047
塑像,15032
土竜,15030
茶殻,15008
苦汁,14986
棟上げ,14906
蛍火,14876
反騰,14867
海蛇,14852
舟艇,14818
不祥,14804
剛力,14798
駄弁,14795
棺おけ,14736
併せる,14723
呉竹,14714
泥仕合,14694
誓文,14675
挟まる,14663
山懐,14643
釣合い,14635
涼む,14604
猫柳,14591
兵曹,14579
酷薄,14545
忍び足,14518
貯槽,14510
連騰,14492
坪数,14490
狂奔,14471
懸け橋,14462
無駄口,14460
猿回し,14452
丙午,14431
下忍,14417
壮士,14400
醜女,14364
連珠,14355
懐しい,14324
練磨,14305
維摩,14275
呈す,14253
肌理,14202
懐胎,14195
融ける,14176
逸る,14097
藩閥,14084
駄犬,14079
凸版,14066
公租,14055
淑やか,14007
仙洞,14005
度量衡,13978
廃園,13970
壮快,13921
水臭い,13913
伯楽,13911
廃坑,13906
雲竜,13878
徒渉,13808
短銃,13796
禍福,13686
銃火,13614
仙境,13611
硝化,13603
上靴,13598
還す,13561
病症,13519
大叔父,13493
塾頭,13473
上溝,13468
艇庫,13463
棟木,13337
碁聖,13319
疎ましい,13317
元勲,13295
逸する,13188
偽薬,13165
不貞腐れ,13126
襟ぐり,13079
争覇,13017
荘重,13016
麻糸,13010
僚機,12970
受忍,12970
頑張ん,12969
附加,12963
呉音,12949
懐刀,12939
繭玉,12921
喪家,12913
諭旨,12872
逐条,12839
砲艦,12812
老翁,12812
口琴,12795
厄日,12786
締め括り,12760
併給,12753
三猿,12725
酷寒,12713
缶切り,12695
出刃,12694
詐術,12655
津津,12642
糾合,12641
厄落とし,12634
盲従,12631
附き,12628
廃除,12614
朴念仁,12612
猫足,12611
慶賀,12591
抄紙,12537
大艦,12529
偽作,12522
迷妄,12489
席亭,12484
泥除け,12483
遍在,12482
密栓,12480
酢和え,12427
渉猟,12415
俊秀,12394
奨める,12381
御柳,12354
予診,12353
矢筒,12324
継嗣,12280
土臭い,12265
騰貴,12264
かび臭い,12258
宜し,12223
もち肌,12187
宵祭り,12187
釣針,12113
附置,12112
謹啓,12097
軟鉄,12064
洋傘,12063
悠悠,12042
寮内,12031
奉幣,12027
塊茎,12014
中垣,12006
還幸,12005
貞節,11992
唯心,11991
悪疫,11989
迅雷,11986
大慶,11971
建坪,11965
窃取,11960
堕天,11937
採譜,11929
斉射,11922
巧拙,11909
汁もの,11896
凶刃,11887
遮へい,11866
遊悠,11834
偏平,11827
仙郷,11802
泥縄,11776
漸近,11773
油槽,11769
乱麻,11758
津浪,11753
仙術,11747
歌垣,11727
前厄,11725
神韻,11725
不貞寝,11723
併任,11718
献灯,11688
視診,11655
旅愁,11644
窮迫,11634
遍く,11619
閑人,11594
升目,11582
充たす,11570
褐藻,11531
顕す,11528
一泡,11512
擬古,11495
逸物,11476
庶流,11454
憤然,11445
詰襟,11415
蛍雪,11407
褐変,11406
疎林,11398
衡平,11378
深甚,11377
靴ずれ,11371
謹厳,11326
本邸,11315
懸架,11280
塚山,11279
茶渋,11269
同妃,11229
乳鉢,11196
涼味,11195
炭窯,11195
参酌,11185
門閥,11160
星霜,11154
媒染,11142
併録,11094
悪弊,11094
開襟,11088
後厄,11070
廃家,11054
金瓶,11029
懸想,10975
春暁,10965
棚ぼた,10962
謹呈,10962
叙位,10959
朴の木,10949
我武者羅,10924
和琴,10916
据付け,10911
金泥,10903
原核,10881
漸増,10879
一張羅,10855
併置,10825
騰がる,10824
肥培,10807
手酌,10786
弔意,10781
附記,10703
自艦,10693
鉄扉,10691
銘打つ,10654
酢のもの,10627
真珠貝,10620
猫かぶり,10608
賜う,10570
等閑,10569
薬缶,10513
硫安,10510
充用,10486
鉢植,10477
閑職,10468
懐剣,10443
霜害,10430
喪神,10429
放逸,10404
駅逓,10401
硝石,10373
刃向かう,10366
潮汁,10366
寡作,10360
逓増,10303
逐語,10295
私淑,10235
擬装,10227
斉一,10224
傑物,10202
旧弊,10198
尚侍,10192
春愁,10143
弓弦,10142
東遷,10141
拙劣,10110
妄念,10105
履帯,10098
春宵,10093
地溝,10055
僚船,10044
興廃,10019
麻ひ,10000
斎院,9938
肌合い,9896
水堀,9892
甚六,9878
吟遊,9828
附設,9816
痴話,9803
釣れん,9762
押韻,9753
どら猫,9743
沸かし湯,9696
例幣,9694
濯ぎ,9684
従僕,9674
妄語,9649
銃床,9637
乳臭い,9636
浄書,9597
尉官,9593
泰山木,9574
遷化,9553
披針,9549
緑藻,9530
逸文,9521
旋削,9477
逸早く,9434
堀池,9429
貞心,9426
釣り鐘,9422
魔羅,9417
宵の口,9412
煩わせる,9411
漬かる,9398
銘じる,9370
痴ほう,9367
大叔母,9345
泥くさい,9341
痴情,9301
減耗,9291
銃座,9284
下げ渋り,9282
口煩い,9272
塗抹,9216
悲憤,9196
渋面,9156
禍禍しい,9155
懐旧,9150
手酷い,9124
虞美人草,9096
摩滅,9074
江山,9071
栽植,9066
宵待草,9057
仙界,9048
薄刃,9034
安閑,8995
忍冬,8988
酒仙,8964
廷臣,8961
顕れる,8961
斎主,8950
剛の者,8929
堀割,8921
廃る,8920
服喪,8873
代診,8847
慶福,8845
瓶子,8838
廃嫡,8821
糾明,8814
懇請,8812
美粧,8778
古漬け,8766
挑める,8730
禅林,8696
恭しい,8687
准看,8680
挟める,8673
錬磨,8655
猶子,8646
督励,8610
醜男,8589
家捜し,8576
雪肌,8570
こそ泥,8558
疫神,8528
銃創,8525
元宵,8522
泥田,8520
黒枠,8494
後逸,8442
寡兵,8427
酌む,8425
枢要,8416
春慶,8415
真麻,8410
廃位,8397
軽侮,8393
還御,8385
忍辱,8381
研摩,8364
添附,8359
有症,8339
軟毛,8323
燃え殻,8281
雲泥,8248
梅漬け,8245
痴人,8228
遍照,8215
愉楽,8208
遮二無二,8201
渓山,8199
木靴,8188
碁打ち,8188
前栽,8179
殉国,8168
唆し,8155
軟性,8120
大喪,8112
防塁,8100
附随,8067
安逸,8063
詐害,8061
覇業,8056
湯槽,8045
割戻し,8041
懸魚,8038
禅堂,8037
糸杉,7981
説諭,7978
月琴,7949
桟道,7940
叙景,7934
脱硝,7933
亜炭,7922
焼戻し,7921
据わり,7915
得喪,7914
巨艦,7899
人臭い,7862
御璽,7849
醸酒,7847
懲りる,7826
騰勢,7757
顕教,7750
一頻り,7743
懲り懲り,7727
窮余,7722
累乗,7722
唯今,7691
献杯,7690
軟かい,7683
端渓,7658
遅霜,7658
併読,7647
懇ろ,7591
方偏,7590
勅書,7577
殉じる,7557
臭味,7549
通暁,7545
渋染,7530
多核,7527
小煩い,7492
肯く,7490
新涼,7488
抹香,7479
製靴,7476
松韻,7469
あら捜し,7457
併映,7417
挿木,7417
大柳,7413
流行り廃り,7403
逸走,7402
凹面,7400
胸襟,7382
取戻し,7375
薫香,7368
森閑,7361
綿津見,7355
凹地,7352
雄壮,7334
春泥,7316
風琴,7296
患難,7284
生漆,7273
音譜,7268
余弦,7258
緑泥,7257
雲斎,7257
恭敬,7256
焦臭い,7239
弦月,7224
糾す,7159
泥中,7151
下隅,7147
在銘,7143
閉廷,7134
造幣,7104
大厄,7097
金臭い,7097
凹型,7091
暁天,7084
一汁一菜,7080
猿ぐつわ,7066
詐偽,7057
酷しい,7018
窮極,7011
同艦,6979
花傘,6974
仙薬,6935
患側,6917
剛球,6916
軟鋼,6905
筒先,6904
べったら漬,6885
舌禍,6864
金竜,6849
正妃,6837
上隅,6809
誓詞,6805
偽悪,6775
喪章,6770
気疎い,6768
本譜,6763
甚助,6758
薫物,6743
霜焼け,6732
泥深い,6725
閑寂,6723
潔斎,6717
退廷,6715
逐電,6712
筆塚,6711
茶亭,6710
日向臭い,6697
泥ぶかい,6647
蛍狩り,6644
同慶,6627
迎賓,6597
鋼索,6594
繭糸,6586
僚友,6583
棚機,6559
忍従,6554
不偏,6541
老醜,6538
尿瓶,6530
清閑,6526
こっ酷い,6520
紅殻,6507
殉ずる,6506
併載,6493
併修,6466
緒言,6452
疎疎しい,6447
村荘,6438
軟白,6434
衡量,6431
忍び笑い,6419
予鈴,6416
釣糸,6411
巨竜,6406
蚊遣,6373
累犯,6364
叙事,6351
禅門,6342
献辞,6328
廃する,6321
感懐,6316
后妃,6313
柳葉魚,6310
勅旨,6306
疎うとしい,6294
いそ臭い,6287
信天翁,6287
畝間,6286
係累,6276
凹版,6270
出稼,6258
あっ旋,6256
無駄飯,6246
渦状,6238
銃猟,6235
懐手,6232
婆羅門,6223
焼杉,6217
少壮,6201
僧尼,6200
澄まし汁,6199
竜眼,6178
附く,6163
御曹子,6160
献堂,6128
禍まがしい,6099
徹す,6094
斎戒,6078
累次,6074
大喝,6063
附着,6063
旋光,6058
暁光,6057
浦里,6024
披講,6010
宵っ張り,5979
原猿,5937
窮民,5922
勲等,5921
凹状,5920
煩わす,5917
泥試合,5892
襟巻,5889
内廷,5878
砕波,5854
抄造,5852
喪う,5820
拙論,5820
読譜,5815
襟章,5813
足駄,5812
渋茶,5809
無駄骨,5790
翁草,5784
将帥,5779
尚古,5779
渇愛,5754
詐病,5754
泰西,5752
懐炉,5750
宜しゅう,5749
水茎,5748
入廷,5738
恋煩い,5718
置き傘,5716
泥道,5714
僚艦,5706
嫌嫌,5705
繊度,5698
嗣ぐ,5692
痴れる,5685
魚偏,5684
惰弱,5681
宜しき,5678
戻ん,5666
金塚,5663
俊才,5655
国璽,5646
仙人掌,5643
堪え性,5637
詰め襟,5632
球茎,5630
枢密,5629
凸面,5618
霜夜,5612
受勲,5609
貞女,5596
かす汁,5561
差戻し,5539
吸汁,5527
麻紙,5500
粛然,5493
玄翁,5483
醜状,5476
銃眼,5472
枢機,5470
違い棚,5469
賜わる,5464
据わる,5461
清汁,5458
荷駄,5454
附する,5418
進貢,5417
軟投,5411
唐桟,5401
禅尼,5399
短靴,5392
褐炭,5391
曹達,5382
密勅,5370
質朴,5369
堕する,5367
挿図,5355
鈍麻,5353
頻用,5351
激臭,5347
洞内,5344
荘田,5319
日嗣,5308
早暁,5308
剛勇,5296
尼公,5296
廃鉱,5274
端艇,5274
大竜,5271
寡頭,5262
奔馬,5252
風韻,5252
払暁,5250
抄出,5229
閑雅,5219
廃り,5214
猫車,5214
竜頭蛇尾,5212
厄難,5211
千塚,5202
禅学,5186
都都逸,5180
廃帝,5178
私憤,5174
附ける,5162
印譜,5158
償金,5144
花筒,5136
懐し,5119
操艦,5116
駄句,5110
剛胆,5109
液汁,5109
真猿,5101
金蛇,5083
軟腐,5068
廃刀,5034
嫡孫,5033
靴墨,5020
礁湖,5015
壌土,5013
旋毛,5001
吟社,4997
勅額,4993
挿せる,4986
神璽,4984
糸柳,4984
幣束,4952
堪る,4949
総譜,4932
碑銘,4928
芋茎,4920
渇仰,4889
帰艦,4883
軟球,4873
隠忍,4847
謹言,4846
購う,4826
弦音,4805
丸襟,4750
後嗣,4747
呉汁,4739
砕土,4735
釣上げ,4734
徹マン,4729
苦衷,4726
酢だこ,4724
法嗣,4715
降霜,4689
謹み,4688
汁け,4677
壮挙,4675
人偏,4671
竜華,4666
戦渦,4661
懸隔,4659
懸る,4652
幽囚,4647
堕す,4621
倒叙,4612
東漸,4591
木偏,4585
廃疾,4558
嗣業,4553
逸らせる,4549
濯ぐ,4541
対症,4533
附す,4525
浄火,4507
蛇王,4504
詩抄,4494
大患,4482
償える,4476
蚊柱,4473
情痴,4449
脚韻,4445
蛇尾,4439
源氏蛍,4415
三献,4410
弔詞,4399
唆す,4393
試釣,4387
下履き,4383
擬木,4367
獣疫,4341
閑談,4329
睡り,4326
妄説,4324
棚引く,4322
挿花,4317
唯美,4314
深閑,4307
偽膜,4304
土窯,4299
微睡む,4292
水漬く,4292
凹ます,4286
余慶,4283
五倫,4281
琴柱,4281
転廃業,4274
偽金,4270
因循,4267
顕揚,4267
棚下,4262
竜舞,4257
悠揚,4254
大剛,4252
物臭,4251
訟務,4245
駄本,4241
磨き粉,4235
衆寡,4233
釣合,4232
累年,4220
杉菜,4217
休閑,4209
繁閑,4207
酌婦,4207
廃立,4205
こうもり傘,4199
大伯父,4198
妄り,4196
督戦,4178
短艇,4178
減摩,4170
忍び返し,4168
木鉢,4159
昇叙,4133
升形,4130
窮まり,4125
租鉱,4124
舶載,4116
摩る,4110
遷す,4103
不磨,4102
軟岩,4099
垣間みる,4093
窮境,4092
蛇体,4092
もろ刃,4082
含硫,4079
銘花,4076
奮迅,4071
玉繭,4056
艇身,4046
矯風,4042
融かす,4038
露顕,4037
大伯母,3999
逸す,3996
長患い,3991
磨る,3988
筒切り,3963
世嗣,3957
群盲,3955
生津,3954
忍草,3952
羅宇,3942
茶瓶,3939
蚊屋,3939
譜表,3923
気韻,3920
無涯,3917
神垣,3916
り患,3914
核果,3912
併営,3910
疎密,3902
衣鉢,3901
附図,3886
発憤,3882
憾み,3868
秋霜,3865
広漠,3860
銘刀,3859
上棚,3858
頻り,3857
紡毛,3854
窮理,3845
盲者,3834
独酌,3824
陸棚,3823
痴れ者,3822
失陥,3819
御寮人,3814
ひと肌,3812
王塚,3809
宰領,3808
溝川,3798
釣り橋,3798
角逐,3788
褒状,3777
泥海,3775
練塀,3774
黄禍,3756
逸出,3755
独吟,3748
豆汁,3748
一肌,3747
水藻,3735
大詔,3733
蛍袋,3732
閑吟,3732
泡銭,3723
桟木,3720
貴顕,3706
涼気,3703
妄動,3695
庶人,3692
褐虫,3691
繊月,3684
寡夫,3680
媒酌,3661
逐う,3649
晩霜,3640
懇望,3639
叙爵,3637
閑暇,3636
遊惰,3632
平鉢,3629
浄衣,3625
宵祭,3609
窮まる,3599
活栓,3596
本俸,3591
誓紙,3590
黄麻,3584
詩仙,3581
後患,3576
呼鈴,3566
仙丹,3556
奉呈,3550
消渇,3541
奉遷,3531
献眼,3531
腹癒せ,3522
租特,3517
遍満,3504
悠遠,3501
虞犯,3501
累増,3493
梅漬,3492
偽もの,3487
献ずる,3486
堅忍,3479
鈍磨,3475
叙する,3452
手懐ける,3452
偏流,3447
索漠,3446
柳腰,3434
竜口,3433
飛竜頭,3422
勲記,3420
累加,3419
誓言,3416
吟じる,3410
貞潔,3408
別れ霜,3402
渋紙,3391
肌脱ぎ,3388
充つ,3384
溶菌,3384
括れる,3383
猫板,3379
柳営,3363
置碁,3357
露霜,3355
山繭,3313
逓送,3312
指相撲,3311
汚臭,3305
緒論,3303
とら猫,3300
どう喝,3297
涼める,3278
痴愚,3269
造艦,3268
臭わす,3259
俊傑,3250
筒井筒,3248
紡機,3241
但書き,3239
提琴,3235
列侯,3233
広壮,3233
款項,3229
飼猫,3220
醜業,3214
やぶ蛇,3212
鈴生り,3210
寝棺,3201
偽称,3190
遊吟,3189
遍昭,3163
女偏,3162
藩儒,3155
閑古,3154
表慶,3153
磨滅,3148
銀泥,3142
金鈴,3137
吟ずる,3136
睡る,3134
逸楽,3132
苦吟,3131
堪ん,3125
泡雪,3123
租庸調,3107
逓倍,3105
飢渇,3105
臭え,3104
宮垣,3103
罷業,3099
親疎,3097
酬恩,3095
猫被り,3093
御寮,3087
手懸け,3085
霜枯れ,3082
公憤,3081
御慶,3079
銘ずる,3073
披見,3056
碁敵,3056
逐年,3056
追懐,3043
唇音,3032
釣鐘草,3032
酒槽,3031
花相撲,3015
頒価,3013
患肢,3012
陪塚,3010
逓次,3006
頭韻,3006
生酢,2995
惰力,2994
田紳,2993
軟条,2993
休廷,2992
偏する,2982
泥坊,2975
稼得,2969
儒仏,2968
片肌,2954
禅家,2945
附与,2940
遊仙,2934
乾酪,2927
禅味,2924
犬儒,2920
猿面,2908
特薦,2907
酢じめ,2895
珠芽,2893
忍びやか,2892
正嫡,2882
猫額,2872
岩垣,2869
亜鈴,2866
閑却,2865
霜ふり,2864
弔鐘,2852
閑閑,2851
痴気,2850
殉情,2847
懇志,2845
阻喪,2839
壮丁,2828
撤する,2828
釣り手,2824
渦まく,2822
天壌,2820
手偏,2810
挿頭,2810
献じる,2807
霜雪,2804
弔文,2800
磨ぐ,2799
謹告,2794
禍事,2790
疎む,2778
囚徒,2777
平叙,2772
泥足,2771
擬する,2770
筆禍,2760
どぶ漬,2755
均斉,2749
電鈴,2738
謙抑,2726
遷幸,2719
慶ぶ,2715
砕岩,2714
累算,2709
拒める,2708
屯する,2694
登仙,2681
患家,2672
茶棚,2665
風伯,2661
塑造,2652
殿塚,2650
祥月,2626
悲愁,2618
下僚,2612
新柳,2611
草相撲,2605
乳臭,2604
渦動,2590
索条,2583
煙筒,2580
尚歯,2579
銘銘,2561
扶翼,2559
皇嗣,2558
併入,2556
圧砕,2556
蛇管,2546
弊風,2537
糸偏,2537
病弊,2528
稲塚,2528
釣手,2524
窮める,2521
柳色,2520
延坪,2516
煩う,2515
唯唯,2513
殉愛,2513
友垣,2507
釣台,2506
庶幾,2505
駄駄,2503
粛軍,2500
砕片,2498
牛疫,2492
離礁,2486
印璽,2472
通弊,2472
懇情,2468
浄福,2465
併称,2464
禅室,2464
金剛力,2462
塁壁,2457
孤塁,2454
襟飾り,2454
疫痢,2452
賜り物,2451
抄物,2449
暴戻,2447
充ちる,2446
廃退,2443
扶植,2443
奴僕,2439
爆窃,2439
相撲取,2435
内懐,2415
出し殻,2415
捜せる,2414
祈誓,2414
官爵,2413
巨核,2411
硝安,2411
輪禍,2411
疎し,2410
田租,2404
名披露目,2393
公賓,2392
勅勘,2384
軟膜,2384
懲らす,2381
煙硝,2381
廃す,2379
山洞,2372
蚊除け,2369
吟唱,2368
船艦,2368
新邸,2363
糾問,2361
古拙,2360
曲譜,2358
款名,2341
韻脚,2340
白杉,2339
上履,2335
吐竜,2333
謹む,2333
月俸,2332
謹直,2327
旋転,2323
秋涼,2321
偏奇,2318
擬す,2317
乳酪,2312
未央柳,2309
家僕,2302
廃滅,2302
暁雲,2296
手懸ける,2295
迭立,2289
入貢,2283
隠逸,2280
苦患,2277
割り戻し,2271
汽缶,2270
懐郷,2268
貴紳,2267
総轄,2266
脱殻,2266
蚕棚,2266
整斉,2262
粧う,2258
奇禍,2251
逸事,2244
盲導,2241
儒官,2240
塚穴,2240
寝刃,2240
手懸り,2238
無患子,2234
嗣法,2228
振鈴,2222
朽廃,2222
ひと泡,2219
朱唇,2218
浄罪,2212
来診,2201
藻草,2201
空漠,2200
窮鳥,2199
必釣,2195
金偏,2195
抜殻,2194
消閑,2191
累卵,2191
壮齢,2188
口偏,2179
江辺,2179
曹士,2175
儒生,2170
憂患,2167
早碁,2166
蛇性,2166
弁慶草,2164
刃引き,2160
忠僕,2157
無駄食い,2157
顕然,2157
傑僧,2148
連衡,2147
殉節,2146
筒咲き,2145
続騰,2145
賠責,2141
廃兵,2139
矯める,2136
好尚,2134
徹る,2134
荒れ肌,2134
撃砕,2125
醜行,2125
叙法,2124
盲動,2120
告諭,2115
軟飯,2111
潜竜,2110
飢死,2110
古漬,2105
霜除け,2105
韻書,2105
下げ緒,2101
地核,2097
暁鐘,2096
忍苦,2095
閉扉,2088
入棺,2087
罷工,2080
賜金,2064
懇篤,2057
嫌忌,2056
廃語,2050
竜脳,2049
廷吏,2047
旋網,2046
附議,2041
培える,2040
かび臭,2036
こん睡,2036
披裂,2032
嚇し,2029
麻畑,2027
呈上,2026
謙る,2026
耳殻,2025
痛憤,2014
併有,2012
もろ肌,2010
准ずる,2007
タラ汁,2002
相撲とり,2001
田翁,2000
やたら漬,1991
酷刑,1989
索然,1988
泡だつ,1974
披歴,1971
水禍,1971
索具,1964
虫偏,1963
亜聖,1958
懸橋,1955
鉢合せ,1955
詐り,1949
衷情,1945
壮美,1940
涼秋,1939
突沸,1939
曹司,1936
逸機,1934
釣橋,1934
奉勅,1929
呉下,1925
献詠,1924
漬け菜,1910
吸江,1909
禍害,1907
懲りん,1899
殉葬,1894
疎略,1890
偉勲,1884
抽挿,1881
幣制,1879
諸肌,1877
侮れる,1873
泥砂,1872
剖出,1867
寮舎,1867
渋渋,1865
肯認,1865
障泥,1864
送呈,1861
抹香鯨,1859
侮れん,1857
忍ばす,1857
塾舎,1854
泥む,1854
逸散,1853
小溝,1851
正銘,1847
土偏,1846
酷吏,1845
重患,1838
廷内,1836
附会,1835
泥塗れ,1833
抗拒,1830
人傑,1829
垂柳,1829
巨杉,1825
持碁,1825
筆筒,1817
壮途,1816
勇み肌,1811
献物,1804
宵寝,1799
渇する,1791
軟座,1791
韻字,1787
懲悪,1782
庶政,1780
池亭,1780
夜盲,1776
憤まん,1774
尚さら,1772
擬声,1771
誓書,1771
愁思,1768
窃視,1766
諭せる,1764
洋琴,1762
木履,1760
盲愛,1748
風霜,1747
奔騰,1746
霜天,1745
撲る,1739
鉄索,1735
違棚,1732
奈麻,1731
老僕,1731
謹聴,1731
稼行,1725
鳥銃,1724
醸せる,1720
参稼,1715
連吟,1714
天爵,1708
平棚,1706
逸民,1702
捜一,1701
偽印,1700
偽足,1700
叙説,1698
顕一,1686
不堪,1685
酬いる,1685
遮れる,1681
撃壌,1678
摩する,1677
履践,1675
忍び泣き,1672
砕米,1666
恭賀,1664
幣物,1663
藩侯,1661
内患,1660
朴歯,1658
傑人,1656
激憤,1647
押弦,1645
頑是,1643
うっ憤,1641
火筒,1641
繊手,1639
俗臭,1638
漬菜,1636
勲爵,1633
応竜,1633
摩損,1632
附言,1632
琴曲,1627
大儒,1618
小閑,1617
顕官,1611
弾琴,1610
忍び音,1607
肺患,1607
高吟,1605
顕職,1602
醜名,1600
挟箱,1598
勅号,1589
緒締め,1589
江畔,1586
秀吟,1581
和衷,1579
肖る,1573
勅題,1572
疎隔,1571
逸史,1571
弔旗,1566
厄落し,1562
践む,1560
酸茎,1550
釣り出し,1539
寡言,1534
追窮,1533
しん酌,1531
剛腹,1530
屯営,1529
繊獣,1529
堕罪,1523
酷烈,1520
擬死,1518
麻裏,1517
漆かぶれ,1513
併立,1512
謙そん,1511
石琴,1509
分轄,1504
君侯,1504
賞賜,1504
窃か,1501
媒材,1500
漸う,1499
馬槽,1498
三弦,1496
閑地,1488
牛酪,1487
授爵,1485
赤肌,1485
呈出,1478
急診,1478
鈴掛,1472
糸枠,1470
廃合,1465
盲進,1460
閉殻,1459
湯漬,1456
機宜,1454
真症,1452
叙す,1450
涼夜,1446
剰え,1445
騰る,1437
斎く,1435
耗弱,1433
火偏,1431
車枠,1430
貢げる,1428
追弔,1428
寡少,1427
読唇,1426
筒音,1424
杉折,1421
扶正,1417
浄域,1417
寛厚,1416
小棚,1415
礁池,1415
騎銃,1413
耐摩,1411
煩さ,1410
亭亭,1403
違勅,1403
憾む,1397
所懐,1397
核質,1395
気附,1395
長逝,1395
混醸,1392
併進,1384
壮図,1381
枝垂柳,1380
家扶,1379
軟泥,1374
在廷,1371
忍ばせる,1370
拐かす,1370
斎服,1370
涼み台,1367
紳商,1364
桟留,1361
箱柳,1361
蛍草,1359
石偏,1358
餓飢,1357
杉重,1355
あわせ酢,1350
暴竜,1345
肌あい,1344
喪心,1343
弔歌,1337
禅話,1336
属僚,1334
核化,1334
寧日,1333
腐儒,1333
酌める,1331
矯激,1328
隠顕,1327
魚棚,1326
負け嫌い,1322
肯んずる,1320
筒口,1318
飢きん,1317
喝さい,1316
沈吟,1316
身罷る,1315
閥族,1315
拝呈,1312
猿の腰掛,1312
水霜,1311
人爵,1306
紅唇,1305
紙挟み,1302
抄く,1299
生繭,1298
抱懐,1296
桟俵,1296
銃傷,1294
飢寒,1291
乾繭,1290
肌守り,1290
がい旋,1289
受附,1289
筒鳥,1289
釣り合,1286
令嗣,1284
行き戻り,1284
愁える,1283
小戻す,1276
疎漏,1276
謹書,1275
恭謙,1272
渇れる,1270
儒林,1267
宵っぱり,1267
罷る,1267
漠漠,1264
繊弱,1263
詐話,1263
無駄花,1261
棚おろし,1257
桜漬,1255
砕破,1248
悼辞,1242
盲判,1240
愁嘆,1238
竜灯,1236
学僕,1233
洪恩,1232
早霜,1228
煩多,1228
襟髪,1226
闘竜,1226
充員,1223
献言,1223
鉢の子,1222
徹宵,1221
幽愁,1220
糾う,1220
蛇穴,1218
刃向かえる,1215
毒刃,1215
愁然,1213
忍べる,1212
謹白,1206
擬製,1205
際涯,1203
訟廷,1202
謹厚,1198
擬革,1192
渇かす,1191
貞婦,1191
朴直,1189
手懸,1185
谷懐,1181
銃丸,1181
拙悪,1180
懐ける,1179
放吟,1179
竜池,1178
小筒,1176
拐取,1175
仮睡,1166
絹傘,1166
素懐,1163
畝織,1161
仙客,1159
どた靴,1158
懸詞,1157
渋団扇,1156
庶幾う,1155
奨金,1151
傑士,1149
購求,1149
拙筆,1144
手挟む,1142
がら紡,1140
襟度,1139
愁色,1137
壮語,1136
名吟,1133
駄物,1128
拙戦,1127
儒医,1125
恭倹,1125
和臭,1121
戻れん,1121
今暁,1117
蛍狩,1117
寛厳,1116
琴歌,1115
棟持ち,1112
偽電,1111
同韻,1110
嫡妻,1109
宅診,1106
朴とつ,1106
積弊,1099
悠ゆう,1098
別懇,1094
多祥,1094
朗吟,1094
還送,1091
頑ばる,1090
磨れる,1089
循行,1087
遷任,1087
懸子,1081
確診,1076
濯げる,1071
衣偏,1067
儒臣,1066
澄し汁,1063
倒懸,1061
奔出,1060
雪盲,1057
妄人,1054
賜暇,1052
嚇す,1049
麻幹,1043
下履,1041
壮者,1041
朱儒,1039
首肯く,1039
弊履,1036
旋条,1033
凸坊,1031
弊政,1029
寡人,1023
頻る,1021
閑適,1018
片偏,1015
惰気,1014
文藻,1005
襲爵,1005
耐刃,1003
旗亭,1000