ます,625694223
です,540141737
ない,497438083
から,431272999
する,373617907
こと,339338762
いる,305767494
まし,286588136
ある,254869202
この,216696466
よう,179963112
さん,156927528
あり,155736888
その,145674943
なっ,135421413
など,129625767
まで,122604136
もの,117690032
って,102577638
なる,102518317
そう,96011217
てる,94817346
けど,93315919
たら,92743314
いい,87219792
なら,87211531
だけ,86040086
れる,85967963
これ,84050213
なく,83398366
なり,83321952
たい,82500577
それ,82184787
だっ,81005864
ため,80442614
あっ,73037470
より,72830708
また,65812410
でし,61672508
じゃ,61556401
できる,52336059
おり,51941406
たり,50812872
どう,45548262
たち,45022936
ここ,44752354
ところ,43350390
ながら,43157800
こちら,42381357
とき,38536547
そして,37660376
かも,36863008
よく,35362887
もう,35062130
やっ,34746183
ちゃん,32731265
そんな,31420844
しかし,28776664
わけ,27849295
ちょっと,27582535
ほど,27412753
みたい,26834086
しか,26803089
られる,26214013
いく,26038693
くらい,25714354
なんて,25633567
まだ,24893215
いう,24789432
こんな,24639695
くる,24605535
あなた,24363498
いっ,24074460
ありがとう,22867956
あれ,21952116
みんな,21497296
あの,21404613
なぁ,21160254
しまう,21077554
うち,20759714
どこ,20315292
もっと,20291801
あと,20016415
のみ,18642574
なんか,18582176
そこ,18487003
しまい,18308898
べき,18127352
せる,18027440
ただ,17939069
すべて,17927465
らしい,17809122
いつも,17207406
さらに,17157855
すぐ,17094017
とても,16981305
にて,16812694
かなり,16777471
なん,15337773
なし,15074091
まま,14894817
かけ,14834213
つけ,14773942
ほう,14602538
みる,14375279
たく,14142382
もん,14049699
すぎ,13948269
くれる,13921281
いえ,13853357
ばかり,13702881
いき,13686535
ちゃ,12800129
とも,12775086
はず,12637463
いけ,12630132
やっぱり,12413390
あまり,12348172
どの,12263115
もちろん,12248846
だって,12006171
まあ,11839233
ねぇ,11816914
ああ,11752047
ほか,11677680
いろいろ,11554280
つい,11361232
どんな,11287980
こう,11259491
やる,10989127
たくさん,10843574
ほとんど,10797770
やはり,10751815
だから,10725514
こそ,10724157
やすい,10626298
いや,10418896
それぞれ,10210398
なかなか,10178633
いっぱい,10128770
ぐらい,10077126
やら,9976438
くん,9957188
なあ,9924847
しかも,9864079
よい,9822027
なぜ,9807054
まず,9426816
および,9421743
つつ,9242018
つき,9134375
まぁ,9127615
んで,9002026
よろしく,8782467
しっかり,8719372
けれど,8560434
さて,8477468
なお,8387671
ねー,8338536
あたり,8136753
いつ,8091902
とりあえず,8088027
はじめ,8083685
さま,8072665
わたし,7960827
づくり,7945810
ほしい,7875512
なれ,7815366
ちゃんと,7814551
ちゃう,7757271
あげ,7753657
いま,7668615
せい,7665722
まとめ,7472155
やり,7470502
どうぞ,7441316
ごと,7433589
ひとつ,7394527
わかる,7329280
ずっと,7180829
っと,7133614
やつ,7113861
ぜひ,7112632
つまり,6968306
おき,6855513
もし,6737639
すごい,6735977
どれ,6713547
いか,6696671
おい,6680352
きっと,6675903
なに,6591127
なんと,6569483
なか,6566061
もと,6531990
もらい,6516685
いただく,6515736
そば,6380330
でる,6342562
いわ,6289812
なー,6262945
どちら,6172570
とっ,6169344
ねえ,6124252
おく,6065528
つもり,6056701
ただし,6002415
あるいは,5987716
ぶり,5959745
ゆっくり,5907323
すでに,5859123
まち,5857819
さえ,5854668
すぎる,5818477
さすが,5796812
しばらく,5721045
とこ,5588527
かかる,5564869
かい,5525941
よる,5507674
ほぼ,5493942
とにかく,5446203
いずれ,5425751
こだわり,5303481
かつ,5164518
おいしい,5154830
まったく,5081747
おお,5081354
たま,5035745
じゃん,5033602
きれい,5001930
やめ,4934631
まだまだ,4888114
すごく,4774290
とっても,4746339
ひと,4742529
もらう,4739170
かかっ,4718480
おら,4653738
にくい,4629616
こっち,4608142
ずつ,4580408
いろんな,4576493
とおり,4542573
まさに,4470829
しろ,4464388
っけ,4463950
やっと,4446893
すら,4374721
だし,4347011
かわいい,4297080
こんにちは,4261862
ひとり,4254341
まい,4214805
たん,4211489
じゃあ,4171786
ゆう,4139291
っぽい,4109223
とり,4107230
どういう,4057661
おめでとう,4043766
どっち,4041388
がん,4032740
うどん,3983891
そろそろ,3975594
いくら,3974832
つく,3949855
どんどん,3947576
まるで,3939781
よー,3934556
ころ,3909576
はい,3898245
かん,3882107
おかげ,3828472
むしろ,3805618
はじめて,3782910
さまざま,3780819
そもそも,3700717
はっきり,3675265
よし,3640590
やっぱ,3633064
あたし,3619798
とる,3617635
まっ,3602580
てん,3587678
つける,3575395
ようこそ,3558953
ざる,3467732
いよいよ,3407993
たっぷり,3395987
いただける,3364221
ぼく,3355202
いきなり,3334156
もしくは,3330944
かしら,3320285
やや,3314816
ちょうど,3290075
ついに,3279042
ごろ,3272496
ようやく,3269588
うん,3252296
つか,3236669
ども,3234092
あんまり,3222470
おもちゃ,3219784
かつて,3212989
ふう,3194899
びっくり,3189049
たる,3184294
いら,3161095
まつり,3150195
かかり,3122469
っす,3061888
あい,3054248
いわゆる,2987845
たぶん,2981649
いかが,2964587
かける,2962135
あー,2926349
ゆく,2888002
ほん,2881092
さっき,2872168
きちんと,2871051
あん,2866730
だめ,2866023
あら,2856347
さくら,2843138
たび,2823145
がっ,2813461
かっ,2801940
もち,2786792
めん,2777677
やん,2773908
かた,2754974
おかしい,2746901
もっとも,2742842
あんな,2740288
すっかり,2721690
きょう,2717498
ちょ,2706148
うえ,2685237
あげる,2673720
ねん,2650572
うれしい,2650274
りん,2642623
ついで,2635844
うまい,2623875
せっかく,2618699
おまえ,2610434
もらえる,2591218
つくる,2582013
へん,2574828
かね,2574609
だい,2574205
きっかけ,2557743
もつ,2547346
わずか,2525107
まいり,2519249
だれ,2502084
こいつ,2493270
ほんと,2487592
こども,2485983
あらゆる,2460758
おそらく,2453499
ごめんなさい,2442459
もともと,2440543
おれ,2433542
やれ,2426765
ええ,2417197
いち,2408323
まさか,2405203
あんた,2402155
ぐる,2398928
だり,2396633
らん,2394454
どー,2383775
すみません,2374645
ふと,2359609
のんびり,2343397
ごはん,2341644
がち,2335224
あわせ,2318552
とら,2287540
ゆき,2252574
そりゃ,2234323
きり,2233180
だら,2202185
しま,2198253
わざわざ,2189783
たった,2185336
たとえば,2176156
しん,2143352
きれ,2130225
いかに,2128134
ばっかり,2124375
こん,2118136
ちょう,2115707
しょ,2102292
なれる,2087991
けっこう,2084517
たて,2079424
おはよう,2073214
ぶっ,2066422
すん,2063998
ごめん,2056554
まとも,2054714
こい,2046182
とい,2032808
ねる,2023747
つて,2019865
どうせ,2012528
きっ,1997728
やがて,1993270
だらけ,1991860
にゃ,1990291
おか,1983233
ふるさと,1979669
あらかじめ,1977462
やさしい,1977266
ますます,1959661
ともかく,1959368
いける,1958720
おっ,1946684
つくり,1939526
いえる,1937742
まる,1932173
みな,1926190
とう,1922528
つぶやき,1921223
さあ,1914915
くせ,1909544
よっ,1901360
こんばんは,1900029
つながり,1898585
かぁ,1894208
ひどい,1884815
うた,1862214
なき,1855974
しょうが,1813280
まつ,1808926
のり,1801013
おもしろい,1790059
むら,1788625
うる,1786154
つながる,1783015
ゆったり,1779350
まわり,1764604
ごく,1760221
まくり,1757458
じっくり,1749964
あそこ,1742354
ちん,1740659
はっ,1736320
すなわち,1734797
あき,1731580
あくまで,1726110
おまけ,1723440
おけ,1713723
さぁ,1712680
だいたい,1709420
ぴったり,1706622
なるほど,1680542
いったい,1667398
めぐり,1662362
さい,1662118
させる,1661618
かく,1658582
もはや,1647563
あぁ,1642743
ひたすら,1637269
すばらしい,1635557
おる,1630401
のち,1629335
ふれあい,1624802
ほんの,1622141
いじめ,1612975
がる,1609262
とく,1604772
はん,1602753
けん,1596382
だんだん,1590030
やす,1587109
たまに,1585802
どん,1579005
たとえ,1574294
いらっしゃる,1573790
はるか,1567041
てか,1565317
こころ,1563351
かっこいい,1559854
はてな,1559608
たまたま,1559562
わか,1559404
なるべく,1557590
えっ,1554197
せめて,1550084
ことば,1546720
あいつ,1545420
いざ,1544172
べし,1541683
すき,1534631
どおり,1525405
おしゃれ,1520251
くま,1517343
あけ,1506668
あちこち,1505380
ごみ,1500526
だいぶ,1496517
かわり,1496454
ふたり,1495412
あえて,1491219
どなた,1478919
よれ,1466180
ひろ,1460957
おこ,1442078
くり,1438169
ねこ,1431033
そちら,1421400
あっさり,1406598
きん,1401510
うーん,1400976
のっ,1392837
ふく,1391283
ありがたい,1382343
まり,1381590
わり,1373223
さっぱり,1370378
ばん,1369661
ばっか,1366142
わが,1361989
ちょい,1344026
らい,1342459
すっきり,1341369
おば,1328938
とくに,1328465
やたら,1327568
あれこれ,1322988
ずいぶん,1321212
めっちゃ,1318990
ぶん,1316928
やき,1316377
たけ,1306957
うっ,1305320
いっしょ,1302887
しも,1302715
そこそこ,1297457
わし,1291997
あいさつ,1286396
けい,1285672
すげ,1279475
とん,1271071
すっ,1269919
あて,1264840
どころ,1260522
そっち,1259999
はる,1252157
みどり,1249402
わん,1246390
めぐる,1245556
しよう,1243992
ゆえ,1243652
ないし,1242415
らし,1241461
ゆかり,1228274
たって,1224123
おん,1211383
たつ,1211331
くださる,1209455
くらし,1207269
のう,1205466
とんでも,1201789
さっそく,1197807
みん,1192531
こりゃ,1184162
あきらめ,1174832
そん,1171018
でん,1166312
なみ,1162316
とうとう,1160311
ねっ,1155382
みち,1153334
ほら,1150079
たれ,1148761
ろう,1146063
さっさと,1141814
あふれる,1141645
かな,1140926
ゆとり,1138394
じん,1137737
よろしい,1136444
つらい,1133202
とある,1128885
しら,1124886
われわれ,1124226
がた,1123645
てれ,1121238
まき,1116927
なくなる,1105744
つる,1103083
いちばん,1099546
っぱなし,1097544
さる,1096391
うさぎ,1093668
ける,1081419
かき,1078708
まじ,1074016
みかん,1072794
すい,1069265
はや,1068778
なす,1066013
りんご,1059541
あう,1058750
おもい,1058571
そっと,1057335
ふり,1052620
えー,1051845
ひまわり,1045995
やばい,1042962
きつい,1040827
さき,1039954
かご,1037739
げん,1037458
ほっと,1037443
だす,1032186
さがす,1031126
んじゃ,1029344
まんま,1020035
ほっ,1018993
およそ,1017910
しゃ,1017325
るる,1011902
こっ,1010124
まえ,1002606
づらい,1002058
みそ,996646
ずれ,991619
もどる,990615
ゆり,989460
いかなる,988033
おにぎり,985742
きもの,985570
まして,983637
がんばり,974073
うわ,973502
はね,969672
ありがと,968694
でかい,964600
くら,963962
せん,962947
かみ,960599
われ,960336
がら,959890
いちご,951343
いし,948210
こめ,946845
あっち,945890
っぷり,943318
くち,943106
たか,943053
かわいそう,941644
じっと,940572
いやいや,938768
すすめ,934373
ぽん,930678
あわ,929860
まったり,927978
やま,926206
ぼう,923953
うなぎ,923391
かし,922215
ちり,920345
ひな,919817
かえって,913572
がり,904194
すみ,902705
そっくり,902197
ひかり,897736
おいら,896224
たしか,895276
こみ,894585
またまた,893388
ぞう,892723
うま,891543
えん,890660
わら,889220
きみ,885198
もたらす,884876
くじ,881576
かり,879978
いったん,877011
ほんとう,875456
みえ,871418
たいへん,871201
もり,870153
しばしば,869837
はり,869452
さわやか,868699
そいつ,861196
ついつい,860040
すこし,860010
はなし,859402
うるさい,859227
ちく,858738
あか,857811
わたくし,856494
そら,854235
らく,853710
まずい,852932
ならびに,851657
めい,851355
おなか,850462
いん,849937
はじめる,849368
はら,849105
いちいち,847395
はぁ,847191
ただいま,844638
ちと,843685
つまみ,843112
いまいち,842286
やう,841955
おと,841720
うし,841134
える,839665
こだわる,838540
しっとり,838329
つう,834162
うけ,830384
そっ,829855
ふじ,827874
ひい,827605
わっ,827129
みせ,826878
みや,820562
こく,816326
こっそり,815669
うう,815195
あたる,814078
しかた,812919
ふさわしい,810278
れい,809889
まっすぐ,809828
おかず,808063
まかせ,807081
がい,804826
ばら,801577
めちゃくちゃ,800530
つり,796607
わぁ,795798
すし,795701
さし,792750
きっちり,789616
わくわく,787196
いも,783594
もも,782443
しみ,780131
さく,778591
しめ,776289
やりとり,776054
はな,775921
ふた,775219
かれ,773669
やし,773063
すけ,771548
うつ,769066
ぐち,767234
かんじ,765501
おろし,765347
いと,762510
わかん,760587
ものすごい,757697
たばこ,753296
くっ,752903
づつ,750447
すすめる,748440
まくる,747838
おもてなし,747576
いのち,747238
ぜん,746770
こなし,745586
きゅう,744898
おやじ,743451
なう,743035
よっぽど,741850
おっしゃる,741464
りょう,740937
がたい,740687
そこら,740319
なべ,740165
ちび,740039
おや,739104
きのこ,736357
ふん,733401
くし,732338
ぶどう,728338
かたち,728178
おこし,725922
さよなら,725324
たまり,725122
わざと,724604
つた,718737
くに,717748
みなみ,715836
ゐる,714600
あつ,714437
こま,713403
あす,712994
ぼん,710686
ふっ,710074
あゆみ,707716
あがり,706496
いわば,706057
つかれ,702413
なつ,701880
こえ,698593
ぜんぜん,697993
れん,696117
こし,694773
ぶろ,693715
かま,693506
ぐるぐる,692993
いやー,692206
あんま,691847
しばし,690688
くろ,688386
さら,687903
いやぁ,686811
きく,686359
おもう,684498
はじまり,683104
こないだ,681874
みつ,681627
たいした,681480
うっかり,680736
うめ,680637
けり,679342
まさ,676638
えらい,676525
あらためて,676367
ばれ,672450
ばか,669243
づけ,668591
めぐみ,666910
ふる,666579
まんが,665646
ぬいぐるみ,665482
なんぞ,664218
みずほ,658895
つなぐ,658014
ゆめ,656832
ほんま,655716
すり,655168
ときどき,654747
ごま,654378
おし,653320
におい,650233
おいおい,649874
みっ,649372
まじめ,647453
ほし,645201
かかわる,642246
やめる,642096
うわさ,640464
おでん,640145
いかん,637735
にんにく,636169
とれる,635570
いろ,635495
まめ,634171
あいだ,632774
うり,632437
つめ,631861
ゆる,630380
わき,629880
かめ,629035
たいてい,627244
うんこ,627095
いっそ,626343
りゅう,625453
つば,623951
しい,623126
しき,623041
あま,622978
ごらん,622079
こむ,621483
うらやましい,621464
うそ,617806
こり,617647
しゃぶしゃぶ,616976
せき,616788
ちょっぴり,616269
ぶつ,614772
まれ,612090
のぼり,611755
ござる,611740
まとめる,609931
よほど,609322
しり,609051
はがき,607265
ひととき,607077
よそ,604563
はずれ,603926
えび,600502
きる,599805
ふつう,599027
っきり,596794
ぼっ,596039
くだ,595337
ひさし,594085
てぇ,593574
ほのぼの,593327
ひき,592080
じゅう,591280
ゆず,591147
いとう,590565
ひとこと,590099
ひょっと,589717
いたる,589317
しょうゆ,588829
おう,588769
すま,586248
かの,584842
あちら,584029
どり,582918
なんだかんだ,578188
ちょこっと,577510
せいぜい,576395
ともあれ,575989
あし,575478
きち,573583
ばい,573394
おかしな,571639
かぎり,570769
あした,570719
こんばんわ,569587
のど,568197
たこ,566940
ちがう,566401
ひも,563218
めざす,563137
がく,562708
やせ,562539
びん,562303
かに,561020
じゅん,558276
ぶち,557680
よみ,556878
ねぎ,556738
うら,556689
がっかり,555166
すか,554195
つなぎ,553658
くさい,553299
とりわけ,552374
えり,551068
つゆ,550583
はた,546678
まね,542789
いいえ,541045
むかし,540982
みの,540171
いまだ,539101
ふわふわ,537300
あみ,535321
もみ,535269
はやく,533880
ひめ,532954
あがる,532417
きわめて,531572
うに,530492
つま,529756
しっ,529596
ばり,529401
ずーっと,528879
まわし,528647
くい,528566
いずみ,527975
あそび,527705
がんばる,526875
あや,524720
めし,524201
いふ,523568
つぎ,523482
じゃぁ,520981
おの,520320
じゃっ,519991
ひとみ,519231
しゅう,518622
はめ,518147
ぼんやり,517680
おみやげ,517300
もとより,517252
かお,517176
みなし,516885
つれ,516441
ひがし,516077
かえ,513898
てら,513818
やれる,513531
さっ,513013
かぼちゃ,512882
かる,512345
ひっそり,511564
はずし,510671
さらなる,507922
ふぐ,507500
ふれ,506944
くつろぎ,506257
かおり,505974
ぎりぎり,505426
つぶし,505186
いたん,504337
おも,502338
わがまま,502130
うさ,500181
つくし,499473
まさしく,497980
うみ,497001
かえる,494836
ひこ,494804
すてき,491038
ざい,488914
さんま,488542
いたずら,488130
やく,487324
ぬき,486237
くるみ,485161
とことん,484023
つづき,484004
いす,483945
ゆか,483770
てっ,482497
はく,481872
ぐるみ,481514
ひざ,481036
よん,480853
せんべい,479891
おじ,479246
きのう,477400
さがし,474290
たし,473487
うす,472906
まろやか,472773
くす,471722
なぞ,471522
えい,471329
えと,470328
おしえ,470131
とめ,467904
ほのか,467500
かぜ,467270
おやすみ,466833
あかね,465487
さほど,464797
くみ,464134
すっごい,464060
まみれ,462024
いまさら,457978
ぶら,456203
からだ,456183
しんどい,452987
つれづれ,452854
しあわせ,452443
たた,451968
ひら,451582
かっこ,451536
ほほ,450869
しな,450719
はて,450615
となり,449731
てつ,449293
どうし,448476
しく,448414
しわ,448317
ねずみ,446555
さり,446280
けが,446151
どっと,444433
もみじ,444008
すむ,442357
ささやか,441863
しつけ,441091
にく,440999
とたん,440663
はま,440214
あゆ,440128
つくづく,439403
こんにゃく,438880
さす,438849
やわらか,437310
ぬる,435731
みえる,435243
ことし,434372
やけ,433933
ちがい,433765
むし,433696
つかん,433189
つぶやく,433103
ふしぎ,432797
あおい,431788
はれ,431767
ねじ,429701
みこ,428883
ふとん,428522
こら,427374
はし,426774
まゆ,426253
たき,425570
こわい,423800
ほめ,423524
もれ,423180
こんど,421572
みせる,421027
ふき,420278
くさ,419245
さくらんぼ,419098
くそ,418266
くず,417470
あじさい,416228
ざま,415636
しみじみ,414277
しつこい,413735
いっそう,413557
ひろば,413362
かぶ,413297
またもや,413042
かす,413032
あらわれ,412329
まんじゅう,411801
にんじん,411153
こなす,410907
あざ,410276
ほり,410176
ためし,410036
こぼれ,409716
ふざけ,409479
さやか,408262
あめ,407933
ばっ,407824
ただただ,407770
ともだち,406788
おやすみなさい,404909
あかり,404783
ふんわり,404545
しょっちゅう,404264
すじ,404114
やすらぎ,403975
るい,402915
おち,402572
なめらか,402244
わさび,401946
さかな,400951
かや,400773
じゃがいも,400630
とどめ,400303
おしまい,399183
さび,399082
あいにく,398929
きめ,398807
たまる,398658
なおす,397996
おおい,396348
かさ,396262
ぎん,396235
ひぐらし,396190
ひだ,395933
つら,394810
がけ,394709
のぞみ,393457
はじまる,392779
もやし,391762
ありゃ,390233
けし,390222
しる,389980
にきび,389886
ちか,389763
くらぶ,388912
めちゃめちゃ,388594
いきいき,387392
きゅうり,387133
ぼちぼち,387132
ぽい,387022
あさひ,386313
ちっとも,386142
たたき,385810
だらだら,385130
なぎ,383074
しくみ,381172
ちまう,380982
あたりまえ,380652
でっかい,380079
しっぽ,378686
えーと,378504
しのぶ,378459
だに,377725
とろ,377411
つかむ,377406
うい,377340
かか,375344
ふい,375296
がれ,375203
ぶた,374464
おむつ,374123
つかみ,373880
はちみつ,373826
かかわり,373609
かまい,373337
らくらく,373331
しおり,372821
かすか,372701
こんにちわ,371997
しなやか,371729
きっぷ,371019
ひとまず,370722
なぁー,370594
ごっこ,368585
ひょう,365621
めまい,365351
すく,365335
めがね,364101
じゃー,363548
わいせつ,363143
あな,363052
くるくる,359581
づき,359465
なくす,358448
くすり,358212
ほんのり,357771
あじ,357610
しゃべり,356159
しだい,356084
あこがれ,355928
ぶさ,355548
おとな,354520
むき,354220
かげ,353736
てい,353697
もろ,353337
わく,353001
かじ,351396
さようなら,350805
せり,350541
かすみ,350365
ぶる,348758
どら,346698
あご,346660
まぐろ,346655
かって,346250
いやあ,345770
いれる,345422
つつじ,345129
おくれ,344997
とっとと,344699
にぎやか,344048
つぶれ,343603
まわる,343472
みなす,343397
うむ,342791
なさる,342486
あたかも,342471
やわらかい,342343
つとめ,342031
みき,341439
のどか,341313
しぼり,340733
すんなり,339560
ざわ,338948
てっきり,338733
はたして,338448
まこと,337805
いね,336881
かち,336345
けっ,336240
おおむね,335988
つぼみ,335337
まつげ,335315
とらわれ,335282
さんざん,335241
とび,335201
なんせ,335110
ふか,334456
くわ,333611
やりがい,331521
へっ,331436
まとまり,330694
じみ,330562
まぶた,330326
つづく,330113
すみれ,329979
つづける,329279
だるま,329168
ずみ,328775
しっくり,328365
ぬくもり,327130
なおさら,326705
うふ,326214
いささか,325660
なおかつ,325546
きら,325205
つと,324741
しびれ,324501
うんざり,324310
ひま,323029
きた,322579
うっすら,322058
はさみ,321751
なじみ,321724
びく,321425
いとこ,320888
なにしろ,320088
たびたび,319683
やみ,319433
よぅ,319108
そり,318838
たより,318192
ふっくら,317711
あく,316829
よせ,316444
ふふふ,316166
くう,316087
こまめ,315403
ひっ,314685
たるみ,313892
へぇ,313520
ずし,312789
ぶらり,312664
もっぱら,312473
むずかしい,312146
ばば,311763
つばさ,311558
まずまず,311151
やさし,310918
いろは,310747
いわく,310260
ことわざ,310170
のし,309944
かつら,309909
わかめ,309584
しげる,309561
じき,309316
ぶつかり,309085
たのしい,308977
ことに,308598
あいまい,307414
づか,306783
ひく,306481
ときめき,305532
ことごとく,305518
きらきら,305320
たちまち,305203
わるい,305004
うろうろ,304908
かもめ,304566
つん,304249
おぉ,304184
すず,303565
はまり,303453
おなじ,303332
かわら,303175
へる,302859
さらっ,302599
どんぐり,302380
おしっこ,301807
おぼえ,301685
かまぼこ,301610
たんぽぽ,301455
ずる,301119
ごころ,300869
ふだん,300861
もどき,300331
こうじ,300136
りす,299742
わざ,299410
はあ,298646
おおよそ,298285
きし,298202
びと,297797
まぶし,297571
いぬ,297477
あらす,297397
みりん,297364
うっとり,296241
くっきり,295982
どろ,295700
っちゅう,295031
ひばり,294672
かわいらしい,294639
ひかる,294346
おこなう,294293
のき,294117
かおる,293177
やぎ,291726
どき,291718
はつ,290940
ごい,290922
てこ,290530
ふたたび,289961
むくみ,289007
なつかしい,288951
らっしゃる,288926
のけ,288884
ぶらぶら,288809
さつき,288602
しゃべる,288565
ちょくちょく,288279
ささ,287921
どうこう,287467
まく,286503
さとう,285752
ちっと,284470
にっこり,284431
まろ,284416
ねェ,283053
くらべ,281507
つや,281320
つきあい,281252
ほとり,281238
はかる,280355
ちょこちょこ,279956
わいわい,279928
かいな,279631
ねらい,279610
おもろい,279046
びき,278625
ひそか,278187
ふらふら,277980
うちわ,277776
ぶれ,277169
しば,277164
さけ,276868
ぬれ,276858
うるおい,276179
つかさ,276134
はぎ,276126
よろ,276025
のび,275171
のれん,274600
ちらほら,274459
けれ,274277
たぬき,274157
すぐさま,273854
しいたけ,273483
つぶ,273233
ちい,273093
ちっちゃい,273062
いお,273032
あげく,272861
せせらぎ,272124
たどる,271366
こだま,271280
どきどき,271184
ごまかし,270936
さかい,270491
ところどころ,270283
あたたかい,270242
ろくに,270061
むこ,270025
すかさず,269808
とんこつ,269648
ぼけ,269136
のびのび,269133
ちゃんこ,268904
こぼし,268698
あからさま,268449
じい,268225
すね,267975
ふえ,267735
さわ,267241
とうもろこし,267035
このごろ,266781
みどころ,266703
ゆたか,266571
しかり,265283
なまる,265208
こたえ,263954
のぼる,263671
さらさら,263606
さして,263023
みなと,263001
かぶり,262319
さらば,262181
もろもろ,262090
はかり,261792
やけど,261760
こたつ,261472
べつ,261383
がかり,261138
くつ,260839
ちょうだい,260673
ごぼう,260402
さらし,260165
ひよこ,259536
こけ,259500
みのり,259224
ややこしい,258950
おんな,258557
かう,258505
ひつ,258503
おろか,257905
ずら,257810
にこにこ,257733
がらみ,257656
けいこ,257562
はげ,257487
やぶ,257453
かろうじて,257224
かつお,256922
けら,256742
あずさ,256317
うじ,255823
しずく,255207
あさ,254714
かっぱ,254623
ゆかた,254043
ばく,252833
さつまいも,252528
ごちそう,252111
みずから,251840
せっせと,251654
ひんやり,250544
えさ,250273
くも,249691
あったかい,249270
ほろ,248810
ありのまま,248709
おさえ,248562
しかけ,248199
どし,247627
かかと,246850
さも,246825
なにせ,246653
ぱく,246302
とらえる,245803
でっ,245618
あやめ,245567
もぉ,244986
ちいさな,244425
たらしい,243597
おこない,243491
ぺん,243105
かばん,242837
やれやれ,242733
ばやし,242465
すえ,242462
ふりかけ,242277
あきらか,242038
こよなく,241990
ちらし,241932
わな,241317
くだり,241027
づくし,240283
きつね,240060
まひ,239641
あとがき,239104
くじら,238461
つまん,237609
つなげる,237463
えら,237160
つかい,236673
さながら,236530
たまねぎ,236463
さや,236072
さば,236051
かしこ,235409
とんぼ,235321
やくざ,234261
のる,233679
なかよし,233668
ちよ,233373
かなえ,233150
どっ,232919
とばし,232299
どす,232191
きよし,232043
すべり,231658
ちょん,231585
どんぶり,231310
ながい,231153
ぶし,231056
かかえ,230259
ひん,230097
ふし,229885
とじ,229687
とち,229645
むす,229542
すべ,229220
ぱん,228978
しんぶん,228659
しそ,228587
しめる,227889
うねり,226513
めっき,226496
ぐっすり,226457
ふろ,226271
だんな,226219
あずま,226098
ばる,226052
たいして,226024
づく,225869
おわり,225813
みやこ,225790
かぎ,225763
ひる,225739
さんぽ,225638
みごと,225630
ほったらかし,225606
へそ,225354
おから,224472
へー,224040
そりゃあ,224013
しょく,223803
しし,223497
たてる,223429
のべ,223015
ろうそく,222993
かかりつけ,222518
はか,222453
ていねい,222162
こしょう,221916
からくり,221713
できあがり,221628
つるつる,221410
そい,221093
まくら,221066
とろける,221031
はじ,221030
ちや,220647
もてる,220573
ひつじ,220452
ひじ,220349
まゆみ,219972
ぶつかる,219969
ちゃあ,219884
かならず,219563
はまる,219416
ふりがな,219238
あんこ,219142
どぉ,219093
けつ,218916
わる,218674
かぐ,218619
どい,218522
わらび,218439
ゆん,218079
にぎわい,217838
すばる,217772
いそ,217521
ちょこ,217387
わすれ,217333
ろくな,217306
どく,216767
よお,216372
むね,216233
はしご,216217
おおお,216206
いじり,216143
ぬい,216130
ひとりひとり,216108
さめ,216034
わかれ,215994
ざり,215952
みるみる,215884
ずい,215553
きらら,215045
むぎ,214406
ぐったり,214266
かけがえ,214084
けんか,214042
やあ,213861
もてなし,213075
けっして,212667
しゅん,212588
えみ,212450
なァ,212434
よーく,212096
とっさ,211892
そく,211645
いが,211407
むかつく,210766
くしゃみ,210562
いまどき,210544
かぶる,210023
いちおう,209965
じわじわ,209653
ひきこもり,209388
しょう,209338
いびき,209228
ちひろ,208923
ひょうたん,208813
いで,208616
きちっと,208543
こってり,208443
ものがたり,208052
つこ,207349
まなざし,207229
あさり,207047
ぎみ,206974
めど,206570
げき,206493
きらい,206171
うける,205595
ゆるやか,205291
くるま,205097
いわし,204539
やんちゃ,204423
ちゃんぽん,204394
かぶれ,204134
ぐらし,203612
ふもと,203329
めずらしい,202852
あけぼの,202772
まちがい,202259
だいじょうぶ,202052
くるり,201760
ぐるり,201739
どっぷり,201609
りく,201220
かれこれ,201175
めでたし,201168
だま,200895
はやり,200355
かわ,199429
とくとく,198759
ぼーっと,198646
ほくろ,198218
くらっ,198137
てっぺん,197995
はう,197933
あきれ,197809
とどまる,197355
つみ,196945
つどい,196713
おかみ,196693
おんなじ,196466
しるし,196210
おどり,196107
うーむ,195909
わたる,195547
あやしい,195270
げっ,195234
きらり,194854
なんぼ,194766
きゃ,194516
あずき,194444
なごみ,194320
ねじれ,194169
ぬっ,193455
しらん,193253
かんぽ,193160
きなこ,193014
げんき,192844
あんしん,192756
だるい,192631
あに,192555
おとなしい,192521
こじんまり,192200
よけい,192026
ほな,191749
されど,191542
うらら,191529
あすなろ,191431
ぎゃ,190973
がっちり,190878
ぷる,190751
てんぷら,190411
ぷち,190056
ざら,190036
とろろ,189580
いな,189533
だこ,189476
のぞき,189333
ひじき,189250
はっと,189238
かがみ,189067
なつかし,189065
おさん,189063
いっさい,189049
ぷらざ,188862
のせる,188842
ぽかぽか,188662
ちびっこ,188603
しの,188108
つっこみ,187945
かわる,187895
だんじり,187810
さらり,187433
よろず,187399
うぅ,187106
やっとこ,187054
ずん,186546
ふくろう,186292
しかる,186252
ぎっしり,185617
すす,185168
がき,184945
ごろごろ,184917
ひねり,184897
すさまじい,184852
まう,184600
のぞく,184485
あさって,184143
かさん,184038
おこる,183695
ひし,183347
みっともない,183347
やせる,183338
とお,182833
ごちゃごちゃ,182732
わあ,182369
ばらばら,182063
さみしい,181446
ふむ,181367
めざまし,181362
きまぐれ,181273
あたら,181226
なでしこ,181188
けた,181118
よろし,181096
すくい,181016
ハマる,180937
ひび,180888
じゃう,180864
くくり,180818
ざく,180709
むちゃくちゃ,180664
さばき,180250
てめえ,180167
ころころ,179989
だらし,179940
づら,179745
がま,179579
はたらく,179339
もうけ,179008
いちょう,178936
さぞかし,178776
ふち,178526
だる,178474
ひよ,178381
おける,178169
あける,177956
ただちに,177836
まっしぐら,177415
めでたい,177408
いらっ,177357
いいっ,176633
ぐり,176525
どど,176470
なぎさ,176446
つかう,176207
わーい,176180
びびっ,176136
あらた,176069
あらし,175841
くさん,175778
おととい,175757
ゆらゆら,174670
もめ,174605
あぶない,174401
につけ,174308
ゆがみ,174244
いみ,174181
ゆるゆる,173911
あきらめる,173804
むか,173743
いちど,173680
むく,173591
くぐり,173537
でか,173504
しょぼい,173443
さびしい,173326
ちゃり,173278
たね,173246
しゃぶ,173101
ゆうゆう,172906
めっきり,172703
きっぱり,172607
けさ,172593
ぼろぼろ,172413
みよし,172087
のん,171977
びら,171678
らち,171498
かなう,171328
ひいては,171207
ともなう,171082
はずす,170933
すう,170806
ぐみ,170795
なだらか,170678
すっぽん,170634
ちゃっかり,170371
しらす,170054
びっしり,169897
おかえり,169843
むろん,169758
かるた,169749
あえ,169593
おだ,169396
すずらん,169341
ほこり,169194
むやみ,168945
うんちく,168926
てんかん,168889
くぅ,168842
どしどし,168778
しのぎ,168391
さらい,167969
ねえさん,167785
みぞ,167400
おもり,167308
あわび,167035
ちら,166666
まっとう,166654
ぜんぶ,166421
ばね,166275
おばけ,166262
しずか,166175
おーい,166004
こぎ,166002
ひときわ,165481
ふわ,165187
あたたか,165113
えびす,164628
ふさ,164625
いたく,164432
かしわ,164384
まけ,164374
いづ,164092
すすき,164065
ビビっ,164044
がわり,163948
つかえ,163759
くぐる,163451
うかがい,163448
あぶら,163443
あわせる,163374
ぶと,163329
るり,163297
すっぴん,162983
いむ,162846
さぞ,162207
ばったり,161693
せつ,161595
ゆるい,161447
やじ,161344
いぼ,161258
くすみ,161196
おのれ,161133
だまし,161077
おおっ,160878
むかっ,160799
おす,160788
じじ,160614
あらわ,160574
やっかい,160558
すっぽり,160324
うすい,160287
ぼり,160186
うんぬん,160112
はと,160101
はやい,160042
ねた,159927
おもに,159777
よむ,159669
ひらく,159594
すすむ,159175
あらわす,159162
ずり,159111
せっけん,158983
ひびき,158881
ちぎり,158730
こまち,158633
ぜったい,158598
すこぶる,158530
ひのき,158386
ぞくぞく,158372
まばら,158356
ゆれ,158287
たたく,158278
こす,158106
まぎれ,158011
きじ,157880
しだれ,157598
ダサい,157565
ふーん,157511
ほれ,157437
まぶしい,157420
ぶつぶつ,157378
とげ,157016
おもむろに,156950
あっせん,156437
びょう,156384
あせ,155971
すこやか,155933
あーあ,155932
びわ,155865
ぽっぽ,155791
ぶつける,155730
わせ,155649
すずき,155623
きれる,155541
おぼろ,155467
しぐさ,155452
こぶし,155331
したて,155327
なんど,155257
うず,155242
いたい,155045
とわ,155033
まわす,155031
あてる,154917
てめぇ,154888
まるまる,154833
かむ,154793
ううん,154679
てくてく,154563
くもり,154492
のんき,154147
ちなみ,154138
わんわん,153786
まもる,153489
あくび,153195
もさ,153161
つぐ,153115
ぐんぐん,152792
ささやき,152774
すずめ,152576
みす,152569
あたらしい,152539
ともども,152302
すいか,152063
ねだり,151893
きば,151892
はたらき,151744
みるく,151588
かなた,151266
かくれ,151230
いるか,151198
たんす,151145
ふくし,151089
ぼかし,150875
へた,150868
よーし,150867
おしい,150845
はっぴ,150663
みね,150540
まがい,150536
ぼやき,150516
にわか,150263
いてる,150241
ねぶた,150195
ばなし,150176
ずばり,150093
せんせい,149619
がまん,149500
くつろげる,149446
ぐら,149242
よみがえる,149205
たちばな,148567
べり,148492
ながめ,147921
はいる,147813
にぎり,147551
うんと,147372
あっと,147150
えーっと,146903
はるばる,146789
ほっぺ,146512
おだやか,146492
はやし,146468
にし,146451
あえる,146314
おふくろ,146264
ずるい,146161
いじる,145921
みやげ,145691
とまり,145689
あのー,145441
つぶす,145367
めった,145303
ほお,145088
またがる,144543
わかば,144523
ずさん,143945
とかく,143833
おそう,143631
わた,143624
ふわり,143480
さえずり,143301
あんず,143235
へり,143167
まちまち,142515
おむすび,142391
よっしゃ,142382
いこい,142369
いっぺん,142299
のむ,142050
にん,142029
めんどい,142029
ふす,141852
やかん,141116
よみうり,141044
とりまとめ,140978
とぎ,140622
たいがい,140621
めくり,140494
かねる,140368
ひれ,140331
ぐちゃぐちゃ,140267
すすん,140265
みのる,140236
めだか,139977
きらめき,139628
ながれ,139500
やすみ,139407
からん,139315
にこやか,139134
とうき,139063
ちろ,138638
よろこび,138456
ちまちま,138224
ぬら,138175
すくすく,138034
きまり,138023
ごくごく,138005
かせる,137888
どんより,137807
ずれる,137746
さおり,137579
じゃが,137542
おおく,137238
いとも,137014
じゃれ,136935
まとい,136820
たすけ,136782
ばらつき,136633
こげ,136555
みつば,136216
あたい,136038
さすらい,136001
きゃー,135960
おえ,135295
ささげ,135187
こぐ,134881
しむ,134710
ごきげんよう,134649
つど,134584
しめじ,134482
かたわら,134395
うろ,134256
バレる,134140
わに,134069
あおり,133790
とぶ,133775
のっけ,133731
ばれる,133603
うふふ,133586
かんがえ,133551
しこり,133318
みかけ,133235
あお,133132
ぎり,133021
りっぱ,132754
うたう,132745
いづれ,132619
かゆい,132368
つらつら,132133
ざん,132126
やまびこ,132005
そうとう,131846
ふるい,131738
なむ,131711
つね,131682
じゅうたん,131487
こつこつ,131358
かんな,131289
めくる,131242
まさき,131240
しょせん,131201
おとし,131199
たくましい,130937
もろみ,130692
おこり,130664
どっしり,130619
もどり,130615
あかし,130413
ちる,130275
おんぶ,130204
かなえる,130110
じじい,129975
むかえ,129868
むずむず,129827
うまれ,129825
たんと,129785
いっちょ,129725
くくっ,129725
すそ,129709
おとめ,129449
たたずまい,129270
ぜんざい,129175
しゃく,129080
かわす,129015
おおきな,129004
こけし,128524
いらいら,128375
やっぱし,127785
うぐいす,127775
あらい,127672
おおらか,127641
ふゆ,127549
みずみずしい,127430
まんまと,127393
くつろぐ,127377
かざし,127336
もりもり,127138
やい,127045
むだ,127001
ざっくり,126954
きょく,126843
わらべ,126712
いやし,126657
およぶ,126380
くすぐる,126308
ときわ,126288
まなび,126271
おっとり,126239
ふれる,126076
べた,126070
みい,125960
かぶら,125852
あひる,125610
さわり,125600
いしゃ,125530
くやしい,125515
しみる,125386
たたみ,125216
おくる,124932
はんだ,124912
へえ,124718
きざし,124636
ひとくち,124488
たたかい,124426
あらわれる,124377
おかき,124310
ちゃーん,123815
ずく,123753
ほほえみ,123616
ふけ,123580
あかつき,123282
きこえ,123244
おやま,123007
いけん,122922
ぼうし,122914
だき,122879
たくみ,122815
すがすがしい,122700
らくだ,122611
ふたば,122407
たみ,122330
したたか,122287
きまま,122110
ひずみ,121958
ぶんぶん,121952
むすび,121809
ぼろ,121545
まるっきり,121507
たべる,121423
むっちゃ,121373
うろこ,121347
うきうき,121086
づける,121049
ひいき,120878
かたまり,120755
どる,120752
うぶ,120612
かくし,120598
もとづく,120565
うかがえる,120538
ぞっと,120231
びり,120193
さらす,120031
かまくら,119940
ちっちゃな,119883
すかっ,119867
すみやか,119841
あやふや,119702
とんだ,119613
ぱい,119545
とめる,119515
ひらひら,119223
だく,119032
くたびれ,118817
まかない,118794
もずく,118764
だっこ,118589
かえり,118581
ごっちゃ,118551
がっくり,118159
ぬるい,118077
へっぽこ,118045
とおる,118008
ずるずる,117946
きびしい,117880
ふらり,117722
あぶ,117709
こも,117491
いきさつ,117457
もたれ,117384
つげ,117169
そらし,117036
はけ,116994
ひしひし,116902
おろそか,116730
のほほん,116707
しょっぱい,116635
しきたり,116428
もやもや,116277
しぐれ,116201
やさい,116012
ろば,115849
ゆるり,115594
もしもし,115466
たらい,115432
くぎ,115406
われる,115075
まもり,115056
ありあり,115027
ごとし,114944
きたす,114791
まちなか,114785
そそる,114681
いて,114623
ひらめき,114398
かくれんぼ,114319
はさむ,114303
ぱちんこ,114132
うど,113821
たいそう,113804
わきまえ,113757
たたずむ,113693
くっつく,113563
にいさん,113418
おかえりなさい,113311
げに,113290
くわしい,113270
つとめる,113254
みょう,113201
くどい,113094
ぱぱ,112995
わんさ,112989
かたい,112985
ここち,112923
あはれ,112858
ふくらみ,112811
がんがん,112669
せつない,112583
やりくり,112480
ぬか,112308
ひねくれ,112157
ひひ,112156
たのむ,112090
ぐす,112053
こんぶ,112010
しゃれ,112007
ぜいたく,111999
わたり,111940
そろう,111936
たかだか,111890
あつい,111806
さじ,111729
きぬ,111588
たそがれ,111427
ばたばた,111343
いじめる,111284
ゆくえ,111099
ひえ,111012
とろとろ,111006
らっきょう,110953
そそくさ,110923
しゃがみ,110842
さかん,110816
きずな,110781
ほうき,110563
すまい,110302
てき,109929
かかし,109912
こなせる,109849
ちっぽけ,109811
かごめ,109709
そっちのけ,109688
くびれ,109675
ごまかす,109497
とぼけ,109404
まじり,109274
ねり,109254
さかのぼる,109161
みこし,109108
ちご,109082
しらべ,108860
しがらみ,108857
あながち,108685
いにしえ,108451
さかり,108446
うってつけ,108349
しぶ,108306
みっちり,108171
よも,108112
べったり,108034
はさ,107946
くだもの,107929
すもも,107551
からみ,107541
こんがり,107532
ぬく,107457
こき,107377
けち,107314
うつわ,107216
けいれん,107135
もつれ,107114
かあさん,107053
たかい,106904
ひとえに,106480
そびえる,106476
つづる,106449
あらまし,106360
つくす,106333
わらじ,106227
まさる,106078
つよい,105918
そろえる,105827
こたえる,105814
ぞろい,105790
ぴら,105576
へら,105360
ゆら,105157
かなめ,105093
ふかふか,105023
とんと,104874
おび,104745
いなか,104645
きらめく,104532
てんとう,104415
たんぽ,104343
つぐみ,104217
ひけ,104139
せんせ,104083
さなか,104064
あおば,103905
でぶ,103898
あるく,103870
ひたむき,103821
くるっ,103592
おこす,103517
すぐる,103468
なま,103324
おおいに,103264
つわり,103135
でたらめ,102933
あやし,102879
くちびる,102770
はやる,102735
つえ,102711
うとうと,102530
あっし,102406
あつめ,102230
あそぶ,102227
いかり,102016
ぁん,101949
られん,101897
やむ,101873
なあに,101842
たす,101822
うつる,101723
ぞい,101628
だて,101411
よめ,100983
ぎゃあ,100851
ひったくり,100721
なじん,100366
きりん,100345
よしみ,100345
そばかす,100330
つくれる,100227
あいあい,100063
まとまる,100059
とまる,100027
すべすべ,99909
こぼれる,99878
たもと,99858
はーい,99851
ひとたび,99565
ちょっかい,99509
せりふ,99496
サボり,99205
いため,99082
すがる,98974
くすくす,98966
おろす,98821
ままごと,98603
ひとしきり,98572
ぴょん,98541
ほくほく,98526
ほす,98459
ぬぐい,98040
できん,97940
たいこ,97936
とんとん,97742
がめ,97713
っきゃ,97689
かよう,97649
こうえん,97372
じゅうぶん,97270
もどかしい,97252
ぷり,97176
ならい,97001
けしからん,96973
とやかく,96904
なめる,96827
づる,96791
しのぐ,96746
ひょっこり,96402
らせん,96384
つづり,96323
いちじく,96298
ぎく,96037
いっぽう,95968
にぎわう,95924
ななめ,95769
そぼろ,95590
そろい,95565
うかがう,95388
ぴん,95330
つきもの,95264
どっさり,95220
あらあら,95042
こする,94982
はえ,94978
よぶ,94858
まなぶ,94847
からかう,94838
そつ,94767
とうてい,94725
ぜんそく,94440
なさん,94238
どっこい,94167
いわれ,94129
おおきに,94106
かれん,93996
もぐ,93939
さっち,93909
じゃんじゃん,93851
きす,93807
おのずと,93637
えな,93606
おひたし,93602
みつかる,93562
つぶれる,93490
こえる,93418
うだうだ,93364
おもし,93348
みがき,93283
くりかえし,93216
ぼれ,93178
うずら,92825
ゆらぎ,92703
いろり,92657
ことさら,92648
とびきり,92599
ささい,92583
あいこ,92463
ぐいぐい,92332
てく,92170
ちらちら,92074
かんし,92057
こじつけ,92013
どーぞ,91941
さと,91913
こもる,91584
つるん,91366
のこ,91097
みちる,90988
ちいさい,90964
ふくよか,90930
むちゃ,90795
すまし,90749
うつし,90707
ちょんまげ,90553
たらふく,90486
めんどう,90134
しけ,90053
ためる,90031
やんわり,89951
こんこん,89919
もぐもぐ,89512
くぼみ,89506
くちコミ,89465
みすず,89455
たんに,89354
とどめる,89293
すごす,89255
ならし,89197
おきる,89042
どろどろ,89031
ころん,88935
しちょう,88851
しぶき,88822
たこやき,88800
いじ,88778
だいこん,88727
たたん,88670
てえ,88503
あふ,88444
れんげ,88362
しかっ,88201
ふきん,88191
うく,88178
とりとめ,88176
えらぶ,88067
おなら,87763
てらっ,87678
ウケる,87647
こそこそ,87615
あまた,87446
ぽつり,87415
あづま,87412
やかましい,87357
からむ,87345
いばら,87256
よぎる,87236
まか,87195
ぽっかり,87139
ようじ,87096
まちがえ,86945
ほぐす,86933
たまん,86876
ふざける,86634
そえ,86624
かたは,86395
れんが,86391
ぼる,86347
おそろしい,86268
はむ,86232
がむしゃら,86223
へや,86197
やから,86145
ぞろぞろ,86141
うなずく,86110
はだし,85862
もんじゃ,85832
てんこもり,85828
たわごと,85640
こずえ,85567
かたつむり,85487
まいる,85405
ぐう,85299
にやにや,85245
ことぶき,85236
さきほど,85118
おとり,84980
さとる,84947
しぶしぶ,84879
すわっ,84845
ふつ,84682
たぐい,84556
ひろい,84548
くちばし,84516
にらみ,84466
うっとうしい,84438
おりん,84410
ざわめき,84397
いぶき,84392
ないがしろ,84263
とど,84063
かえし,84047
しがない,84033
くき,83950
ためらい,83933
にがり,83870
けじめ,83843
かれる,83773
いそいそ,83719
どまり,83677
そそ,83662
じりじり,83642
びな,83628
さわる,83572
よごれ,83390
おおまか,83366
こめかみ,83349
あぐら,83321
つかえる,83306
ずっしり,83278
ほおずき,83255
しょんぼり,83250
すかし,83153
なじむ,83140
ひとしお,83134
おさまり,83132
そっぽ,82972
ゆれる,82951
あまい,82828
なにとぞ,82718
ゆるし,82564
しょうじ,82550
ひろがる,82486
さきがけ,82462
つかさどる,82377
おびえ,82351
ろか,82347
なぞる,82142
ひらり,82139
のびる,82132
くねくね,82099
うるうる,81987
こうち,81735
くらげ,81681
うさん,81617
くらべる,81514
たのしむ,81499
まと,81451
ときめく,81207
すさん,81083
はかない,81040
ちかい,81031
うつり,81029
あっぱれ,81014
そわそわ,80927
ふざけん,80877
へび,80833
みたらし,80797
ごっそり,80723
たむろ,80615
ふさい,80537
ぱり,80510
おさ,80506
ざかり,80459
ししゃも,80285
うたい,80253
ぽう,80109
あかい,80060
のす,80016
おたふく,79962
ところてん,79920
まねき,79915
とらばーゆ,79902
もぐら,79838
こづかい,79824
ほてる,79786
もうし,79592
なかば,79578
ほうとう,79551
しんみり,79544
げた,79538
すさみ,79446
ぬくぬく,79445
おくら,79400
ぷりぷり,79287
おっきい,79285
おさまる,79242
びびり,79229
ぐうたら,79187
しいて,79132
べっぴん,79095
とまれ,79084
うかつ,79034
きょとん,78879
おわ,78824
いいわけ,78696
いのり,78691
わや,78662
ばってん,78603
ちまき,78556
じし,78546
おそれ,78536
もろい,78528
ねっとり,78384
おのおの,78247
つるし,78139
ことわり,78130
まとう,78067
ほめる,78013
のばす,78011
ござん,78004
ゆうべ,77982
じまい,77923
おこわ,77890
いおう,77719
ほけん,77716
ふろしき,77625
でんぷん,77608
のぼせ,77540
ぞうり,77447
わび,77418
れつ,77350
そうこう,77330
かわゆい,77122
ごし,76985
あつあつ,76959
もっさり,76952
ちゃちゃ,76848
さまよう,76710
とっく,76632
どじょう,76588
こうき,76527
まけん,76443
そらす,76433
つづ,76421
けむり,76399
ぷりん,76332
あらう,76302
かゆ,76136
ぽつぽつ,76099
そで,76094
れき,76075
たで,76003
さそり,75808
おそるおそる,75703
まじまじ,75685
おもらし,75676
ひらき,75667
はらはら,75649
かび,75613
つづら,75564
すだち,75558
ふるえ,75538
じまん,75416
あたふた,75398
つむぎ,75337
こしらえ,75326
ずらす,75321
こび,75244
しろくま,75242
あざやか,75170
じてん,74947
はまなす,74936
ずぶ,74807
ぐずぐず,74727
なにぶん,74720
ばんばん,74620
はずかしい,74616
こがね,74590
はこ,74546
はつらつ,74363
りんどう,74324
おごり,74289
はざま,74083
まくれ,74043
なめこ,73968
あざみ,73848
やわ,73760
ぱら,73754
でれ,73728
ぱらぱら,73719
ったらしい,73712
じゃま,73645
あなご,73540
おぞましい,73477
ぴたり,73473
かばう,73451
たれる,73443
あこがれる,73418
ふかし,73373
のこぎり,73360
しゅく,73355
すみか,73320
のく,73124
よろしゅう,73060
ぬるぬる,73043
いっき,73028
なまこ,73024
つがい,73000
しがみつく,72954
かげん,72745
こうもり,72733
ぴかぴか,72705
こおり,72696
こぼす,72664
そる,72640
おもろ,72634
かする,72632
むれ,72557
みれる,72509
ひける,72417
ぱち,72367
せまい,72328
はなれ,72283
ばつ,72144
かざり,72113
ぐし,72063
せわ,72052
むり,71791
さとり,71770
とりこ,71764
するする,71762
ならべ,71755
はしゃぐ,71708
さぐる,71669
すーっ,71596
けむ,71590
ちまた,71513
でこぼこ,71489
じめじめ,71471
ふえる,71341
かっぽう,71276
いかだ,71212
した,71199
はなはだ,71097
もてなす,71042
すっぱい,71032
べら,70967
ひより,70852
つたない,70791
こねる,70675
せっかち,70554
ぎゅ,70546
なぞなぞ,70537
まんざら,70498
なごり,70456
ぷは,70432
まする,70431
いつき,70327
たたかう,70286
しろい,70252
たつみ,70181
たわし,70112
ずらり,70058
ぴき,70037
あたしゃ,69662
そっけ,69648
のこり,69642
おしゃぶり,69621
ときおり,69556
からす,69295
すわ,69288
くらう,69278
ほる,69244
もる,68975
はんなり,68962
おこがましい,68954
やっこ,68920
はぐくむ,68814
ゾッと,68798
あむ,68762
げんか,68732
ゆでる,68609
がわら,68510
おどろき,68490
かなしい,68441
ひご,68373
ふところ,68288
かわせみ,68124
ビビる,68050
いたす,68047
これこれ,68023
いびつ,68018
はんぺん,67890
あきれる,67868
ばりばり,67624
かしこい,67605
ぎし,67585
たとえる,67563
ゆくゆく,67507
ねじり,67491
あれれ,67448
くえ,67434
はじける,67408
こる,67373
ちくしょう,67317
ぶるぶる,67241
ほえ,67204
ざくろ,67135
たわわ,67095
のぞむ,67074
つやつや,67057
へたくそ,66879
ほっぺた,66875
おれん,66847
ほや,66790
すいすい,66786
だちょう,66672
ぐんと,66641
とむ,66639
むなしい,66638
さばく,66556
そお,66525
しゃも,66522
はも,66516
どのみち,66484
さりとて,66476
たすき,66418
ひねる,66414
だいいち,66376
からい,66358
うなじ,66289
だまり,66279
どんど,66270
いじわる,66257
えんぴつ,66189
すすぎ,66081
よこす,66077
ためらう,66062
みじめ,66026
ぜんまい,66004
はらん,65948
じーっと,65888
やらかす,65820
めくれ,65675
なまり,65664
おびただしい,65572
つつく,65550
まひる,65468
ねぷた,65450
けなげ,65424
うつろ,65422
えむ,65351
びっしょり,65337
へこみ,65315
ささっ,65291
おやっ,65286
みつける,65254
うわっ,65198
すべる,65138
ぴょんぴょん,65052
やすし,65004
あおき,64995
つつみ,64936
ねい,64907
くえん,64845
すする,64785
つの,64773
くらす,64624
どぶろく,64562
よもや,64550
つぎつぎ,64391
しゅっ,64183
しゃあない,64162
ぐりぐり,64139
ないしょ,64080
ええい,64059
ふるまい,63959
さいわい,63933
たおし,63898
つかる,63857
バカバカしい,63778
つかめる,63709
からし,63702
がらがら,63690
ざわざわ,63666
あんこう,63650
えんじ,63583
はねる,63542
とそ,63538
さぼり,63438
ぼら,63400
どさくさ,63399
きらびやか,63375
おさえる,63296
でく,63256
きょろきょろ,63255
たんぼ,63254
ざんまい,63243
ふるう,63123
もってのほか,63104
つぶつぶ,63095
いかがわしい,63070
すかいらーく,62985
にわとり,62918
ほうび,62845
てんてん,62827
くらくら,62818
よろい,62760
かがやき,62740
かっこう,62677
とくと,62647
あわや,62640
むりやり,62588
たたえる,62481
ねがい,62432
きたない,62314
ぐさ,62301
とんがり,62279
しこたま,62051
とろり,62028
こよみ,61945
たずねる,61940
まえる,61924
くすぐり,61909
けんこう,61884
かたくな,61874
はめる,61853
かさね,61774
かぶせる,61720
あしらい,61692
ひゃく,61683
すらすら,61672
ちくちく,61434
しょうぶ,61427
ささやく,61377
おもいで,61338
あわわ,61334
たんか,61327
きたん,61316
うなり,61254
たいよう,61223
かたがた,61213
こんもり,61187
ぽろぽろ,61170
たたら,61051
たんなる,61050
あおる,61041
どろんこ,61012
きゃく,60925
にゅーす,60835
かざす,60778
えがお,60768
なでる,60743
ふける,60726
じょうず,60656
ぬける,60647
つじつま,60632
よす,60556
あたえる,60550
かかん,60523
まるい,60506
むつかしい,60499
まんぷく,60412
すれすれ,60397
ばっさり,60394
かまえ,60374
いらい,60357
せまる,60329
くど,60232
かっと,60223
あびる,60169
ばかし,60166
さわら,60159
しるこ,60144
じたい,60065
ぼそぼそ,60025
わたしゃ,59960
ごそごそ,59841
かすん,59781
ゆえん,59753
うぬぼれ,59733
かかえる,59710
づめ,59580
のろのろ,59580
なまず,59562
まげ,59520
えげつない,59480
ぶっきらぼう,59468
ねんね,59270
しびれる,59218
のこる,59183
ちょいちょい,59182
はしり,59148
ささえ,59125
すばやい,59109
あわよくば,59065
きゃあ,59065
びび,59051
しまふ,58960
べたべた,58914
めく,58874
おおう,58854
とばす,58768
しょっぱな,58766
かかれる,58761
でんわ,58752
ひろがり,58703
へろへろ,58635
せこい,58625
さむい,58551
ほつれ,58536
しんぼう,58466
まかせる,58443
ちびちび,58424
さざえ,58395
こなれ,58376
くだん,58374
こまる,58355
くたくた,58310
のっぽ,58275
なまじ,58272
くすぐったい,58211
まさん,58174
かけろ,58139
がたがた,58100
あらかた,58071
おかか,58061
のける,58029
たんじょう,58026
みょうが,58026
ほほえましい,57972
ひょうきん,57889
おととし,57847
えーっ,57833
うらみ,57794
またぐ,57793
まんなか,57747
ざんす,57584
りょうり,57520
まぐれ,57490
ずくめ,57485
とりくみ,57471
じっさい,57468
やど,57347
きざみ,57227
むむ,57224
ぱんだ,57198
ほざく,57174
からかい,57071
やさ,57050
とらわれる,57024
まばゆい,56989
つくろう,56967
いやがらせ,56924
べそ,56920
ひょんな,56837
ものさし,56832
おりる,56811
いぜん,56791
じゃり,56688
ねらう,56665
ごこち,56600
きわどい,56549
しくしく,56532
はがす,56505
わたす,56476
なりふり,56475
のりもの,56460
かしく,56328
しつらえ,56298
すぐり,56264
おぼえる,56213
ぷんぷん,56178
だせる,56075
すすっ,56001
ぷら,55933
しぶとい,55899
ちゃんちゃん,55892
つきる,55889
ずんずん,55877
ろうと,55749
やかた,55739
せこ,55652
つぶら,55650
いたわり,55633
ちょろちょろ,55616
べべ,55593
くろい,55581
あどけない,55545
うじゃうじゃ,55420
ほころび,55414
うつくしい,55405
でっちあげ,55404
うつぶせ,55335
ぴゅあ,55137
ぶっつけ,55132
おめでた,55125
ふさふさ,55120
つむ,55036
がっしり,55003
うだつ,54826
せみ,54700
みだら,54650
しとやか,54565
ぐだぐだ,54507
みじん,54396
たぶ,54339
ずきん,54293
おそい,54266
いこう,54264
どんこ,54256
とばっちり,54217
うなずける,54175
ぶす,54115
やましい,54097
おぼつかない,54003
くるぶし,53922
エラい,53838
かねて,53793
やゆ,53792
しだ,53755
からっぽ,53700
ばらまき,53652
のろい,53571
うつつ,53570
てんき,53551
はずれる,53518
みぎ,53455
ようやっと,53436
しょぼ,53356
あまつさえ,53353
はぐ,53335
ささげる,53328
いふく,53313
ふさぐ,53277
めぼしい,53236
やつれ,53222
こぢんまり,53221
ほうれんそう,53156
かさぶた,53070
おなじく,53024
いたり,53002
にじん,52999
ねんざ,52977
はしか,52948
だいし,52921
がらり,52835
たわい,52827
ひとすじ,52823
ひらめ,52801
あるじ,52769
くむ,52733
あせり,52729
きんこ,52728
くっつける,52707
ねむい,52677
ぬめり,52658
だいだい,52591
くどく,52573
おろち,52510
サボる,52487
ぽんぽん,52479
つまずき,52470
きたる,52469
まばたき,52413
はかま,52382
あっけ,52356
ちどり,52303
たいまつ,52208
あせる,52051
ゆうに,52021
おねしょ,51975
つっぱり,51973
がさ,51844
だいぶん,51840
うば,51823
かじる,51791
げんなり,51713
つややか,51711
ぎゅうぎゅう,51703
ありったけ,51655
さしずめ,51625
かしげる,51597
ぱあ,51557
いちゃもん,51539
ぎす,51508
ばかばかしい,51496
あぜ,51489
ちょうし,51385
あたたまる,51367
しお,51363
しんしん,51361
ほどよい,51343
どくだみ,51341
ぷよぷよ,51314
ほっそり,51198
てんで,51141
ぷん,51067
どたばた,51044
なかよく,51033
ぽか,50998
ぱちぱち,50984
おどる,50938
まざまざ,50906
ちょき,50866
ぐらぐら,50844
ほととぎす,50843
ひたる,50826
おおきい,50819
こらえる,50815
びいき,50806
あこ,50739
ならぶ,50712
まっか,50711
へぼ,50615
ひょっとこ,50595
つぶさに,50554
はげしい,50534
あっけない,50500
おさめる,50479
おっきな,50473
さわぎ,50428
あッ,50309
やぶれ,50284
とうじ,50262
うなる,50259
のどごし,50196
ゆずり,50152
むかう,50136
こおろぎ,50099
みみず,50079
つみれ,50075
はす,50062
たがい,50036
かさむ,49961
はにわ,49955
うたかた,49934
おでき,49934
おっちょこちょい,49881
おちる,49879
まえがき,49873
ぷっ,49852
まつる,49826
ゆける,49791
てきぱき,49729
ぼこぼこ,49716
かがり,49681
しづか,49630
おなご,49613
とうさん,49603
こりん,49468
だか,49450
ごたごた,49410
ねぐら,49290
つまむ,49273
あきん,49179
つらら,49170
さける,49167
くじき,49146
まかなう,49118
たたむ,49097
うずうず,49061
てんぐ,49035
にじむ,49024
およぼす,49023
いそがしい,48989
たわけ,48947
びゅう,48911
ねつ,48908
するどい,48900
ちっさい,48845
かれい,48713
せしめる,48699
てんやわんや,48671
よいしょ,48611
はぶ,48554
くやみ,48515
とまどい,48484
しぼん,48468
づち,48427
しゃくなげ,48410
ぺこり,48381
とま,48326
うごく,48321
かたづけ,48284
うずまき,48263
たんまり,48161
にじ,48139
ばけ,48062
おろおろ,48007
おずおず,47971
かんかん,47970
げんこつ,47967
またたび,47934
もがく,47905
ゆらり,47883
おどけ,47871
ぬぎ,47857
ぐっ,47806
もより,47787
くくる,47784
つまる,47695
かんする,47692
なんのその,47605
かいじゅう,47578
くよくよ,47536
なえる,47508
きわまり,47491
ぐい,47439
かんがい,47405
ただよう,47404
ちぐはぐ,47327
かがやく,47259
ねむり,47156
ろくでなし,47143
のちほど,47139
いりこ,47080
のけん,46991
ふらつき,46937
あわただしい,46904
へとへと,46883
しんなり,46870
みなぎる,46776
たしなみ,46695
しけん,46674
とつぜん,46668
おだて,46642
ぺらぺら,46621
あやかし,46583
ごつい,46448
むっと,46421
はびこる,46418
じたばた,46384
なぐ,46328
こっくり,46322
しかと,46314
きこえる,46307
どっちみち,46216
ぬかるみ,46179
ふくらむ,46129
ざっくばらん,46095
おわる,46060
ちょうちょ,46001
はずむ,45983
そち,45976
しゃべれる,45882
めくるめく,45818
もうしわけ,45771
なぶ,45734
ぱくぱく,45717
ほとほと,45677
けなす,45646
こじれ,45564
ともえ,45556
ものぐさ,45554
しっと,45542
ふかく,45513
おせん,45492
さまよい,45453
はしる,45411
きわ,45338
がいし,45314
さだめ,45287
ならび,45282
ほうじょう,45245
たから,45218
がってん,45192
づきあい,45188
ころり,45135
たたり,45095
もくもく,45061
なごむ,45035
おかす,45007
すらり,44961
ダブり,44940
おどろく,44902
はらい,44896
うつむき,44881
かたず,44876
ふるふる,44824
ひたひた,44807
わだかまり,44790
ぐろ,44746
わっぱ,44733
けす,44685
うたた,44642
かさばる,44626
だます,44618
しんこ,44599
しらせ,44589
そよぐ,44566
ぺこ,44551
ただれ,44514
ぷるぷる,44462
ほどこし,44459
くろう,44432
しゃぼん,44379
つかまる,44373
よろよろ,44373
ひとまとめ,44338
ズレる,44309
ちょく,44251
まやかし,44240
てんじ,44237
いちはやく,44184
ほうし,44145
のうのう,44129
おおかた,44108
ゆだねる,44107
いきる,44065
ぜんじ,44062
ふれん,44056
ふやす,44020
ぷっくり,44020
ねぎらい,43991
げろ,43976
わける,43921
やきもき,43897
まァ,43857
あしか,43833
なびく,43827
おおげさ,43789
たたっ,43736
ゆるぎ,43723
ばった,43652
ぼや,43617
あまねく,43585
かねん,43571
そぞろ,43545
うかうか,43509
あいた,43507
しもと,43464
くしゃくしゃ,43441
なえ,43421
もじもじ,43413
はじく,43393
かたる,43375
ぴちぴち,43326
はれる,43317
ごて,43283
のらりくらり,43273
しどろもどろ,43265
すくう,43258
めっぽう,43240
かまち,43208
さしたる,43141
もどす,43135
つめる,43058
たなばた,43022
いきおい,43006
きぐ,42975
ならす,42969
くもん,42961
どよめき,42952
けしき,42925
めかし,42901
めざましい,42887
つめたい,42817
よくばり,42804
たわみ,42802
ただす,42785
まにまに,42746
やみくも,42545
よろけ,42516
おじや,42514
たやすい,42473
ひね,42404
ほんに,42401
ゆうす,42381
びれ,42371
しんし,42343
きめる,42329
ねだる,42286
こまごま,42261
かえす,42244
こめる,42219
おもと,42149
はかせ,42124
よろこぶ,42104
へんてこ,42097
ぼんぼり,42051
きくらげ,41984
すわり,41950
めす,41938
づれ,41879
びしょびしょ,41860
すやすや,41848
みすぼらしい,41802
せいこう,41794
ゆすり,41768
ぎょっと,41751
たまゆら,41731
まなこ,41726
ちなむ,41699
しこしこ,41643
さまし,41625
ぺろぺろ,41622
いっぷく,41599
もぞもぞ,41579
むかつき,41512
くろがね,41511
からすみ,41427
びる,41400
つどう,41377
ひるま,41364
わらしべ,41361
もたもた,41353
なだめる,41333
めろん,41333
もぐり,41310
うごき,41296
ほとばしる,41277
もじ,41257
ぼうっと,41243
ぺろり,41215
あっけらかん,41174
もむ,41160
たおやか,41151
とりたて,41145
またぎ,41117
のこのこ,41114
ざらざら,41099
ざくざく,41097
しごき,41010
いもち,40953
くさび,40900
ふにゃふにゃ,40890
きさらぎ,40877
あらっ,40846
とことこ,40775
よもやま,40739
こぞう,40723
にんまり,40685
さえぎる,40653
あくま,40642
いさお,40587
こうせい,40572
どじ,40571
づり,40549
あとあと,40539
うろつく,40528
おのずから,40474
あえぐ,40468
こける,40410
いなさ,40389
いせん,40334
ぎわ,40306
ちやほや,40304
たける,40291
おっかない,40203
にしん,40196
ずぼら,40157
がんばれる,40150
かこう,40145
もめる,40111
こいし,40099
へこむ,40037
らっぱ,40030
すます,39996
ちゃち,39988
へったくれ,39980
たいじ,39952
しきり,39941
うねる,39935
たかり,39922
ひだり,39905
おっくう,39898
こうか,39844
とおっ,39824
いわい,39822
ぴゅ,39754
おごる,39741
くりくり,39735
しゃっくり,39728
ばらまく,39711
こまん,39667
もたせる,39667
いちい,39638
とんちんかん,39580
ともす,39562
むかえる,39550
あでやか,39524
ようし,39512
たけなわ,39457
せがれ,39425
いくぶん,39398
ささくれ,39389
すもう,39367
ぎゃく,39341
ひゃー,39315
とける,39244
ふてくされ,39135
へい,39087
うすうす,39085
かぶりつき,39083
さけぶ,39071
いっす,39016
はりつけ,39005
あます,38984
かこつけ,38982
びこ,38966
おっかけ,38935
わらわ,38892
ごつごつ,38878
はかどる,38868
いかつい,38849
のたまう,38819
いろどり,38802
やむなし,38794
ぐせ,38783
いざこざ,38716
べろ,38658
うわべ,38618
はたと,38602
しごく,38564
すべからく,38512
いたわる,38495
ほとぼり,38465
へこたれ,38448
たけん,38425
ひやひや,38392
まがり,38378
かわせ,38362
いかす,38341
にこり,38313
よめる,38306
しんきん,38278
からり,38216
ちらつく,38174
ぷらす,38145
ひがみ,38140
あつかい,38120
しらかば,38057
ひびく,38049
しおん,37991
こもごも,37984
じゅんじゅん,37966
てんか,37932
がらくた,37931
くのいち,37921
はしたない,37914
ざった,37907
とんび,37900
こまかい,37816
ボロい,37754
のろ,37750
かっか,37744
つうしん,37707
かげろう,37704
ぴくり,37695
おどおど,37668
ふてぶてしい,37592
はじい,37585
ぶっく,37474
げす,37435
はぜ,37427
くらむ,37385
さしも,37349
あさん,37308
ひしめく,37294
ぬかす,37267
けんけん,37254
たとい,37220
よわい,37213
こうしん,37209
かったるい,37181
もそ,37179
けだし,37159
ばらす,37141
ほのめかし,37133
からから,37082
まむし,37068
なだれ,37047
しける,37003
ぐま,36980
しじま,36977
なわ,36934
けたたましい,36920
そげ,36920
つむじ,36907
おとずれ,36888
それる,36863
はなはだしい,36768
はしら,36744
いっとき,36719
べらぼう,36717
かんこう,36679
しまり,36601
ぞんざい,36566
せく,36506
あげん,36453
なぎなた,36443
ちゃめ,36430
すうっ,36384
ぷにぷに,36294
どうどう,36264
でこ,36226
がたし,36222
ほえる,36214
いとしい,36211
けっか,36188
そそぐ,36182
なけなし,36169
あえぎ,36101
コワい,36101
まぎらわしい,36100
むむむ,36046
かんべん,36037
ふくむ,36037
めやす,36024
じろじろ,36012
もののふ,36008
へらへら,35997
やけくそ,35984
えぐり,35983
のびやか,35979
づまり,35971
ちょろい,35951
ちぢれ,35893
みぞおち,35884
きびきび,35866
わずらわしい,35866
まぜる,35843
しゃし,35799
ぱっちり,35790
きまる,35789
ちゃんちゃんこ,35755
わかい,35737
うろちょろ,35728
むごい,35704
くちなし,35697
ぎんなん,35691
いなほ,35637
なおる,35633
よちよち,35614
とどく,35608
いえん,35563
とうぜん,35490
ひそむ,35462
おしどり,35439
しぼ,35425
とおい,35386
ぬた,35386
なかんずく,35378
ぴか,35359
ぶくぶく,35358
とがめ,35285
いっせい,35284
もろこし,35268
ふうせん,35212
すっぱり,35166
うまれる,35135
ほやほや,35128
ひきつづき,35108
おまる,35093
ふかい,35060
たんび,35055
なさけない,35039
おかわ,34988
あさい,34941
せいさん,34934
もうす,34912
ふつふつ,34844
ざす,34840
きざ,34804
はせる,34804
まんぼう,34777
めいめい,34764
すっぱ,34752
おどし,34743
かるい,34736
ぺた,34726
かんがえる,34708
いとおしい,34677
きしょう,34634
ぎれ,34623
もらす,34572
ほろり,34481
うつらうつら,34473
たかる,34472
ようせい,34467
にじみ,34435
つぶる,34402
いざない,34379
むっちり,34360
ぼんぼん,34280
さめる,34189
しかける,34189
あやす,34186
ゑびす,34173
がやがや,34158
さとい,34140
やけん,34133
ごしごし,34129
かたん,34103
びびる,34097
くさや,34056
あいす,34023
いきん,33979
おどろおどろしい,33975
みにくい,33969
はたき,33943
ためいき,33907
たどたどしい,33887
けんし,33783
ごわす,33770
めくら,33762
じれったい,33761
かりん,33731
つんつん,33708
うつす,33693
ぼやく,33642
しんと,33608
とくべつ,33589
いわんや,33588
たてがみ,33571
しでかす,33564
うるか,33543
さよう,33528
むう,33509
あまる,33504
はらう,33496
ぷくぷく,33333
へそくり,33316
もやい,33294
うかん,33278
うけん,33238
むさぼる,33215
ひよっこ,33199
よれよれ,33145
しとしと,33097
うまし,33083
たなびく,33075
よびかけ,33045
もうかる,33037
しあい,33036
びらき,33035
もうろう,32952
とりつけ,32905
コケる,32889
えんえん,32847
あざとい,32827
やえ,32781
よせる,32736
とせ,32732
こじん,32718
ぱくっ,32689
だんまり,32660
だらり,32652
しゃんと,32645
ぱらだいす,32622
ずうずうしい,32618
ひねもす,32607
うごめく,32602
スる,32583
ぺたぺた,32581
いくさ,32560
あかるい,32549
かたっ,32515
あけび,32486
ちぎる,32472
いんちき,32381
うろたえる,32373
こうそく,32353
もとめる,32348
つよき,32334
ちほう,32329
だんらん,32298
しぼる,32273
あた,32246
おいそれと,32224
あつまる,32195
かと,32176
とかげ,32174
もえぎ,32146
ねばり,32109
おおっぴら,32101
あらたか,32002
うだる,31986
あゆむ,31981
ぱんつ,31980
たつき,31937
へちま,31898
きそう,31894
ほぞ,31891
むける,31862
あやとり,31856
さえる,31854
いかなご,31825
すませる,31816
ぶれる,31775
しゃこ,31710
かすむ,31688
あずかる,31664
はたけ,31627
のっぺり,31613
うねうね,31597
せめ,31584
びより,31579
むすぶ,31549
とけい,31525
にべ,31516
きっかり,31512
もんもん,31504
かっぽ,31495
いそしむ,31487
きよう,31479
みはらし,31473
ひがん,31424
もれる,31415
ぷかぷか,31412
つかれる,31400
じっとり,31398
ぽっかぽか,31397
とみに,31385
あしなが,31381
ささえる,31381
くわえる,31349
あざらし,31337
つっかえ,31330
ざさ,31307
がくがく,31306
ひたい,31280
めじろ,31276
ごまめ,31257
むん,31257
ほろほろ,31249
けっこん,31219
ねたみ,31212
おとど,31188
めまぐるしい,31125
しかめる,31073
もたれる,31020
まぶす,31019
ひそひそ,31017
つれない,30921
ぱる,30918
はたち,30909
いかさま,30905
あわてる,30888
さくい,30888
しょうかい,30884
かぶさる,30770
せんい,30759
かすめる,30703
けいざい,30664
へんじ,30660
いなだ,30657
しらみ,30654
はたん,30600
おとす,30565
つかまえる,30554
めじ,30552
しめす,30513
こまやか,30452
しらべる,30415
いたこ,30392
ざむらい,30385
おもむき,30373
とぼとぼ,30359
かいり,30316
さんざ,30305
ちぐさ,30303
したたる,30296
すた,30277
とどのつまり,30275
とっくり,30269
そわ,30262
たためる,30252
ぼうぼう,30202
はにかみ,30166
たとへば,30146
ぜんたい,30137
つが,30131
くるしい,30082
ねばねば,30073
こわす,29955
ちんぷんかんぷん,29951
かけん,29950
つのる,29939
びし,29875
よどみ,29863
そうい,29858
はったり,29842
ふるまう,29777
きれん,29761
しれっと,29757
うようよ,29749
おっかなびっくり,29723
ぞっこん,29722
とおく,29714
かたり,29704
むすこ,29702
むかご,29675
のろし,29627
けんめい,29616
ふらつく,29544
みすみす,29497
おびえる,29493
やすらぐ,29448
くわい,29404
ざんげ,29395
たわむれ,29369
ちぢみ,29350
とまどう,29320
しんき,29255
であい,29255
れきし,29251
たらす,29206
らくご,29173
でかでか,29170
ふるえる,29082
きらっ,29066
おもむく,29063
がらん,29018
ひりひり,29017
おしえる,29013
ちりとり,28987
ここちよい,28965
すったもんだ,28934
たらたら,28904
なめくじ,28898
おつむ,28862
かきつばた,28862
すんで,28812
やすやす,28777
ぬう,28703
もそもそ,28635
はなす,28633
かさかさ,28621
みがく,28589
あすこ,28588
かねがね,28575
のろけ,28555
さがり,28493
ぷう,28429
かっちり,28420
ろうあ,28410
あくせく,28388
ちろり,28374
きけん,28371
やわらげる,28368
ぎくしゃく,28313
なあなあ,28308
ぴた,28290
なんなく,28277
かえん,28256
あれー,28253
ぶりぶり,28227
しかく,28224
ぐしゃぐしゃ,28221
ぎゅう,28214
あがき,28206
ゆるす,28195
けがれ,28181
かくかく,28169
えぐる,28167
じょうたい,28149
びっ,28145
すばらし,28117
ひそめる,28115
つけもの,28114
どくどく,28100
あやまる,28083
ピンぼけ,28064
いなし,28054
くつした,28039
たくらみ,28039
うとい,28030
しぶい,28011
いじん,27996
おおとり,27968
しまる,27931
あやまち,27910
さみだれ,27896
むつき,27874
どもり,27870
はっさく,27844
むしゃくしゃ,27837
あしらう,27756
うずくまる,27730
いじらしい,27729
あつらえ,27724
おしめ,27647
ぺこぺこ,27646
ぐつぐつ,27640
むっつり,27637
はで,27622
さげる,27608
かまう,27593
ぽろり,27570
じょうぶ,27562
とぎれ,27554
ただしい,27545
はこぶ,27484
こまどり,27464
ぽかっ,27459
やおら,27447
こんぺいとう,27414
つまずく,27347
ふがいない,27333
おしろい,27305
むしゃむしゃ,27288
がりがり,27276
すたすた,27269
にせ,27258
きんかん,27254
こうこ,27243
ながめる,27223
ゑん,27181
しっくい,27159
おうおう,27153
しった,27089
なまけもの,27089
はっき,27076
またたき,27058
あくどい,27043
いたいけ,27008
けんぽ,26988
のがれ,26962
わめく,26922
あおさ,26920
いくばく,26916
いらだち,26908
ふうん,26891
しろうと,26877
えぐい,26870
うつろい,26831
あつまり,26823
つぶり,26793
むくむく,26779
はける,26775
ぱくり,26772
そこない,26756
かじき,26744
にる,26666
ついぞ,26637
はらし,26619
むち,26619
はなみ,26586
ちょこまか,26579
たば,26569
もうける,26568
あつかましい,26526
もが,26519
しののめ,26516
ゆずる,26459
ぼんち,26445
こっけい,26443
まじない,26427
おわん,26403
あわれみ,26371
たずさわる,26328
くどくど,26319
かばね,26303
むっ,26260
かちかち,26240
ざわめく,26133
おうと,26132
ぺったんこ,26100
みそら,26092
よろめき,26079
はずせる,26069
じわっ,26048
ぴこ,26043
たかね,26031
うじうじ,26013
うながす,25986
せがむ,25959
やまやま,25957
たくわえ,25942
またぞろ,25895
いやす,25879
ひとつまみ,25822
こうむる,25787
ふりかえり,25749
おくれる,25747
まける,25737
びりびり,25689
くいな,25681
どっこいしょ,25662
うっぷん,25648
もめん,25609
せっせ,25570
ひんぱん,25556
ウソつき,25516
よこしま,25502
あしび,25496
いなせ,25496
あだな,25473
とろい,25467
あやつる,25406
のべる,25353
ひろう,25353
ぼつぼつ,25337
だぶる,25333
のちのち,25312
いたって,25287
てんと,25284
かぶれる,25266
やっかみ,25264
まんえん,25245
ひやかし,25233
きわみ,25223
とぐろ,25220
さらう,25188
かんじる,25146
うつむく,25140
てふてふ,25119
とこしえ,25118
ゆかしい,25082
ぞんじ,25078
たげる,25077
ちんと,25069
いにしへ,25030
ときたま,24963
もごもご,24962
はたはた,24959
はばたき,24951
あらいぐま,24885
ころす,24877
しげき,24817
たんこぶ,24807
あんばい,24780
ぴよぴよ,24780
すてる,24776
けだるい,24761
すいせん,24640
ほどく,24626
ダブる,24568
すくめる,24562
ひろびろ,24538
ぬえ,24511
おいらん,24505
ぴりぴり,24496
べっとり,24494
にぎる,24493
ひくい,24489
びまん,24457
わかれる,24454
みえみえ,24448
しゃがむ,24419
ぎらぎら,24407
しわしわ,24398
ひさご,24382
せんこう,24366
わだつみ,24357
かりかり,24347
たしなむ,24345
さする,24330
ひとりでに,24326
にらむ,24321
ぴくぴく,24268
まっぴら,24228
しゃきしゃき,24227
びらん,24209
へぎ,24192
ほのめかす,24183
あきる,24159
じゅっ,24150
ぎつね,24139
まかなえる,24124
こうり,24083
さしあたり,24060
じゃぶじゃぶ,24055
ひるむ,24037
はばたく,24035
すごすご,24034
あったまる,24033
ゆるむ,24021
むれん,24013
とりで,23985
こうかん,23967
じんと,23962
きりきり,23872
えてして,23855
ししゅう,23841
なにゆえ,23838
かちん,23827
はなやか,23815
あんぐり,23756
ひろげる,23748
とまん,23720
いもり,23690
てきめん,23687
たてまつる,23685
ほおばる,23654
ねむる,23617
ともる,23596
まいん,23573
もじゃもじゃ,23568
しまん,23562
こころざし,23534
べとべと,23512
ぽつりぽつり,23485
しゃけ,23444
いっぱし,23441
やおや,23409
とじる,23402
さもしい,23383
わらう,23381
のろま,23373
まねく,23361
やぶさか,23360
もくろみ,23335
つるはし,23327
ねえや,23320
しなり,23314
まごまご,23294
がれき,23258
くみあい,23253
なんこつ,23249
かがん,23244
ざわり,23236
めぐろ,23203
かわき,23199
がす,23113
てらす,23107
おちおち,23100
つきっきり,23093
かちゃ,23077
かんじん,23051
おんぼろ,23041
うらない,23018
あいそ,23003
ぼろい,23001
すずかけ,22978
ずべ,22978
めぐらす,22899
とりどり,22885
げっぷ,22872
ほれぼれ,22835
はちまき,22809
めざめる,22785
はがれる,22754
きしむ,22704
ぱったり,22693
ひんしゅく,22669
かせい,22641
くだる,22619
れこ,22613
すっぽかし,22599
めぼし,22594
はじき,22572
しげく,22546
なさけ,22528
すごせる,22512
たしなめる,22505
ゆうぎ,22484
みみずく,22473
いつく,22469
よだつ,22469
ぼんくら,22455
むにゃむにゃ,22440
うめき,22432
しゃが,22420
つつむ,22414
からめる,22401
おしつけ,22374
かたじけない,22371
かさご,22362
ゆるめる,22358
ぽっくり,22352
きずい,22312
じれる,22310
ぷらぷら,22288
いかる,22265
だましだまし,22263
すわる,22261
ぐつ,22204
わけん,22186
ぴく,22163
たまう,22124
しゅよう,22113
たもつ,22109
なおざり,22106
いためる,22104
ちらり,22091
しいら,22080
きのふ,22058
ひもじい,22049
ぴったし,22034
こまか,22029
きちん,22002
ぬくい,21999
やご,21999
がつがつ,21995
しんぱい,21945
かくす,21939
つべこべ,21937
いのこ,21936
まいご,21923
になう,21878
ふさがり,21870
もじり,21849
よしんば,21841
いざなう,21804
どぎつい,21804
あわい,21803
かきまぜ,21796
いだく,21793
ずんぐり,21791
もみくちゃ,21779
むしむし,21771
ざと,21738
おはこ,21734
かんじき,21733
ずたずた,21720
はえぬき,21710
ちぬ,21705
さしつかえ,21702
いっこう,21698
ぺら,21685
げっそり,21676
ぎょうさん,21661
ぬかり,21648
におう,21639
ぐも,21634
ぷらん,21609
ナウい,21591
はばかる,21589
はらむ,21567
ほどほど,21567
ひしゃく,21566
まんぞく,21564
ねちねち,21542
へんしん,21536
ぎっちょ,21513
きしみ,21506
ひらめく,21501
かけあい,21480
げそ,21471
うかぶ,21466
かりる,21442
めろめろ,21439
ごろつき,21405
そうそう,21398
たゆたう,21382
めおと,21375
きいろい,21363
えぐれ,21356
しきる,21337
ぶよぶよ,21333
さんこう,21317
なかんづく,21315
ぱれっと,21299
がぶり,21294
ぬぐう,21278
おがくず,21262
とっぷり,21259
しょぼしょぼ,21253
ぶらんこ,21209
おくん,21205
けいと,21198
ぎこちない,21193
しかん,21179
あわし,21166
りりしい,21159
つたえる,21157
ぬん,21139
らんまん,21129
しっぽり,21128
ぼさぼさ,21127
いなご,21104
ながれる,21097
じまう,21095
づな,21080
おとん,21079
まどろむ,21061
けったい,21042
ぼかす,21027
びっちり,21026
さより,21017
はためく,21015
てらい,21002
こりこり,20996
いくた,20981
あまえ,20977
そえる,20975
すっとん,20943
げらげら,20940
もよおし,20930
うえん,20913
しんどう,20910
さぼる,20898
つたい,20876
こそばゆい,20873
ぺけ,20868
ならう,20860
からたち,20851
おしなべて,20850
はんらん,20848
てぶくろ,20843
よそよそしい,20832
ひり,20831
ざけ,20823
しょうし,20814
べらべら,20805
なるたけ,20774
へだて,20771
のそのそ,20753
うなだれる,20736
あまん,20707
もくろむ,20706
こころみ,20653
みつまた,20631
ふぐり,20625
にがい,20620
ぽたぽた,20611
わびしい,20573
よじれ,20569
ぷぷ,20550
ほうこう,20549
あたためる,20526
ぐわ,20511
がっぽり,20496
びゅんびゅん,20475
さんしょ,20465
せいちょう,20465
しゃぶる,20443
かげり,20424
とこう,20402
しなる,20401
にぶい,20358
みじかい,20349
うせん,20323
そぐ,20320
きさく,20309
ぱっくり,20308
つむぐ,20304
ぼとぼと,20262
ぐっしょり,20255
がけっぷち,20242
とおす,20220
めきめき,20212
そそっかしい,20197
なやみ,20192
かんしょ,20186
かもしか,20162
あまてらす,20152
しつける,20150
きょうか,20140
もぐる,20123
はたす,20107
きしょい,20094
にせもの,20089
あいま,20081
ごりごり,20073
うらやむ,20062
ふんばり,20044
おとつい,20027
ごうかん,20025
きせん,19990
うらはら,19965
かわく,19959
ことなる,19956
そよそよ,19956
ぱりぱり,19950
がちがち,19943
たぎる,19931
ながす,19903
いさむ,19902
うのみ,19898
がぜん,19895
えッ,19889
かこい,19871
とさか,19869
あつかう,19809
かけもち,19809
かざる,19792
いてん,19789
かいよう,19777
じゅうじゅう,19759
ちきり,19752
はらす,19737
いたちごっこ,19684
あたらし,19675
はたく,19669
かんすい,19667
しのげる,19659
こてこて,19655
がさがさ,19626
たじたじ,19616
あらー,19615
うるおう,19586
おわら,19584
ぼうこう,19571
けいけん,19563
ほころぶ,19553
ぺぺ,19551
おごそか,19548
けう,19528
ほうら,19525
くずれる,19518
ねぎらう,19505
わいろ,19502
はとこ,19499
づえ,19495
やまもも,19490
あばた,19485
さをり,19469
ぐにゃぐにゃ,19442
すすぐ,19437
しめつけ,19434
かぐわしい,19429
しめやか,19427
とかす,19410
ゆううつ,19405
でっち,19389
かぎる,19383
きける,19336
ありのみ,19317
くば,19315
みゃく,19312
うけあい,19309
ももんが,19289
もっか,19287
がさつ,19279
むせる,19268
ちゃらんぽらん,19264
ついたち,19264
おののく,19223
くつがえす,19219
かんじょう,19189
ぱつ,19183
たしかめ,19126
のめる,19122
グーンと,19122
ひとごと,19112
ぬれる,19105
ぬぐ,19103
ちかん,19086
きわまる,19073
つまされる,19066
ひょろひょろ,19051
さえずる,19033
まっしろ,19007
あんがい,18996
くいん,18978
はっぴょう,18971
ふうふう,18960
ろれつ,18937
しんかい,18912
だんぜん,18906
えんか,18898
くどき,18888
ぎぬ,18883
いざん,18881
まどう,18880
わりあい,18871
まるきり,18868
すっくと,18858
もつれる,18857
ふるき,18846
むんむん,18839
ととのえる,18830
がくし,18824
はっか,18804
ふのり,18796
みみっちい,18791
くじゃく,18773
つぶせる,18753
すっからかん,18750
こばん,18749
ひもとく,18746
めいわく,18744
たんのう,18721
ひけらかす,18718
ようよう,18699
がちゃがちゃ,18676
うなづく,18658
ほそい,18657
よしあし,18643
ちゅうちょ,18621
つとに,18615
すぎん,18612
ちりちり,18570
づま,18570
つれる,18559
しれん,18554
もんぺ,18536
つづれ,18532
つむり,18521
きやすい,18518
どっこいどっこい,18511
ついたて,18500
あおむけ,18490
むさい,18488
じょうゆ,18485
じわりじわり,18474
ませる,18474
ぷるるん,18425
てんぼう,18421
うつけ,18418
たのもしい,18381
すえる,18376
といあわせ,18367
なまめかしい,18362
ずいき,18359
ほかほか,18349
なべて,18330
いきつけ,18328
たじろぐ,18317
はげみ,18303
すくない,18302
こわごわ,18290
ひうち,18290
つれあい,18277
したがう,18272
でしゃばり,18266
あさましい,18261
せかせか,18261
もだえ,18257
もてあそぶ,18243
すれん,18239
なみなみ,18221
にげる,18204
あてがう,18175
さがる,18142
ぶま,18142
かつぐ,18121
じそ,18106
いやしい,18095
こうら,18055
やぶる,18055
さわぐ,18049
すたっ,18047
ごまかせる,18042
ゆがむ,18031
よしなに,18031
あべこべ,18019
にょきにょき,18011
どっかり,18009
たくらむ,18006
からっきし,18004
なつく,17985
えらべる,17973
めんど,17973
うめく,17959
しっぱい,17959
さすらう,17958
はぐらかす,17948
かわん,17946
はなつ,17938
しだす,17935
いつわり,17934
あさる,17907
いっちょう,17903
しっぺ,17903
おさない,17900
つつましい,17890
もめごと,17879
ぎる,17868
へべれけ,17850
さけん,17827
ちぎれる,17812
ながなが,17802
すずしい,17772
おっつけ,17765
はからい,17764
はぐる,17746
しゃかりき,17726
いまごろ,17719
そむ,17707
ねちっこい,17684
うなされる,17680
かまきり,17631
ぽっきり,17629
いさかい,17599
ちゃぼ,17587
もえる,17574
よだれかけ,17574
かもす,17565
つかつか,17565
へいへい,17563
しんとう,17558
つるす,17547
のっそり,17547
けずり,17541
まあー,17535
ほぐれる,17529
しする,17524
うかる,17521
まっくろ,17511
つもる,17509
びょうぶ,17508
はえる,17504
よたよた,17504
まくれる,17498
かけはぎ,17494
ふためく,17487
べたつき,17467
いでたち,17459
とぐ,17454
しらふ,17440
じょうろ,17438
おけら,17412
どろり,17396
めもり,17387
じゅらく,17366
くちゃくちゃ,17364
しゅんせつ,17360
づつみ,17340
ほうじん,17310
しどころ,17293
いっしん,17285
ねじる,17251
よばわり,17248
がめつい,17222
はたご,17198
くるむ,17165
なりわい,17157
かんきつ,17154
ちかごろ,17145
しさん,17137
やもめ,17136
ぴい,17118
もちきり,17116
そうっと,17105
べろべろ,17093
さだか,17076
どてら,17069
やける,17034
すたん,17033
つぶろ,17025
キメる,17015
さそい,17002
かたっぱし,16986
きかせる,16974
あぶる,16943
ぴり,16933
つらぬく,16921
こげん,16915
ざお,16910
ぷく,16907
ぶかぶか,16899
ほうふつ,16894
まわせる,16888
こうしょう,16882
うずく,16875
つけん,16869
おしゃま,16868
とうた,16858
ごわごわ,16839
おぼれる,16831
しっしん,16807
ころがる,16800
ぶつくさ,16790
たわいない,16789
がたん,16784
ぴえろ,16783
あやうい,16779
いわお,16774
しぼむ,16773
ふせぐ,16741
しわくちゃ,16733
ちゃくちゃく,16696
ぱし,16696
せわしない,16684
ふしだら,16682
もたつく,16679
そご,16665
こちょこちょ,16659
くすぶる,16656
さけび,16654
ねんねこ,16636
よぼう,16636
じゅもん,16632
いさき,16619
おくび,16612
さばさば,16585
やもり,16581
ごきぶり,16579
はべる,16577
まわりくどい,16568
ひくひく,16550
ほふく,16544
さそう,16534
けんご,16531
とりなし,16505
のっぺらぼう,16451
ぴっちり,16449
ほうろう,16427
うてる,16397
いたぶる,16389
ちかっ,16376
おとずれる,16372
いまいましい,16362
かくれる,16360
へえー,16351
ゐん,16342
かせぐ,16341
ぶつかん,16324
ゆらぐ,16319
ぷぷぷ,16303
おじゃん,16288
ねぎま,16281
ぴしゃり,16270
むくむ,16262
やまべ,16256
まあだ,16253
かせん,16252
どだい,16244
つくばい,16240
あえない,16237
せせり,16221
うな,16200
にょろにょろ,16168
もたつき,16164
ほほえむ,16143
だほ,16137
はにかむ,16128
しょうこう,16108
のこす,16089
くしくも,16072
えっちらおっちら,16057
ほこる,16054
ぼやける,16016
ゆめゆめ,16016
くばる,16004
ずしり,15985
まねる,15984
ゆらい,15980
そこのけ,15969
きしん,15955
しょぼん,15949
おませ,15940
くだす,15933
はきはき,15897
ぎじゅつ,15895
きんちょう,15893
ひところ,15886
らっか,15876
しおらしい,15868
ちだい,15858
かたぎ,15849
ようす,15826
あったか,15825
こざっぱり,15802
がせ,15801
あてがい,15784
ぐびぐび,15780
すがら,15780
あごひげ,15768
ひっき,15767
てんてこまい,15748
ゆらめく,15740
ぱちくり,15717
ものものしい,15703
かなづち,15702
とんずら,15700
ちんまり,15695
いかめしい,15691
うったえ,15691
むさくるしい,15686
へなへな,15666
かいわい,15652
さます,15645
こじれる,15619
がっぷり,15617
とっぴ,15601
すたる,15592
ぐずる,15584
あじろ,15570
ちょぼ,15568
ののしり,15543
うなづける,15540
じっけん,15533
とげる,15485
ケロッと,15480
ほとばしり,15470
まア,15458
きのえ,15448
ついばむ,15431
いとど,15426
のんべんだらり,15426
かまえる,15415
めげる,15414
やぼ,15406
がんばん,15400
りかん,15385
おわす,15375
こうくう,15372
へま,15360
ほうぼう,15340
いじくる,15333
こくこく,15318
しまうま,15310
たらり,15297
うめる,15213
ためす,15213
きりぎりす,15203
しげみ,15190
ぱらつく,15182
はりきり,15167
たよる,15160
はかれる,15155
あさつき,15141
せめぎあい,15134
ほそぼそ,15128
なげし,15126
しばる,15080
いもむし,15073
どろん,15063
しょっつる,15053
かんどう,15038
とれん,15022
きゅうじょ,15015
ふかす,15015
のけぞる,15014
せいれい,14971
よろめく,14966
あれる,14961
かわるがわる,14950
にえ,14949
えがく,14935
いびり,14929
せわしい,14903
かくはん,14901
ふりだし,14896
ぷす,14886
いばる,14878
さんずい,14848
てつだい,14823
つばくろ,14821
なれなれしい,14814
ゆがめる,14814
きつつき,14783
すかすか,14780
どぎまぎ,14779
かたびら,14776
これしき,14765
もんどり,14753
なにがし,14747
たおす,14743
ことえり,14725
そなえる,14709
むかむか,14690
かをる,14687
かわせる,14683
あわす,14682
そばめ,14673
はしくれ,14655
がぶがぶ,14651
しんちょう,14634
もらえん,14629
いちげん,14614
ゆさぶる,14598
うばう,14587
いなかっぺ,14566
ちらす,14543
ぶさた,14524
そしゃく,14515
こしらえる,14498
うるめ,14495
ずかずか,14490
ふとい,14474
だくだく,14469
ののしる,14456
わかつ,14451
あかあか,14415
くたばる,14415
ひつぎ,14414
はがゆい,14404
となえる,14387
みたす,14374
わりない,14364
ふせん,14326
しゃんしゃん,14289
めくれる,14283
ゆする,14281
まなべる,14267
こらす,14257
つるむ,14256
あそべる,14254
もよおす,14247
なげる,14236
のれる,14223
すずしろ,14222
むふふ,14205
くけん,14190
ときん,14184
かよわい,14133
きゃしゃ,14133
くすぶり,14130
うつせみ,14124
つんざく,14122
ぐらり,14117
ぐーんと,14110
じゃらじゃら,14106
あいくるしい,14100
ぽたり,14097
ひとしい,14081
かかげる,14070
はがせる,14070
ならべる,14067
ぴんぴん,14065
なじる,14045
ぴーぴー,14032
つわぶき,14031
ちんちくりん,14023
きょうどう,14010
とが,14009
きまん,13971
てんじょう,13955
しゅうと,13934
ろくすっぽ,13901
ささがき,13883
きゅうきゅう,13878
みぢか,13875
たのしめる,13872
ようかい,13870
ひょいひょい,13867
うまる,13865
かんぜん,13864
こぎん,13832
いざとい,13825
ばっこ,13799
おもえる,13795
あがれる,13774
むくげ,13773
ごねる,13759
こうろ,13745
めいろ,13735
よっこらしょ,13733
せせこましい,13729
まさぐる,13725
けわしい,13710
すすけ,13703
とけん,13692
うっちゃん,13669
やわい,13666
ふくす,13659
うそうそ,13622
やいと,13619
あげつらう,13612
いなす,13602
へす,13597
しらける,13595
わなわな,13592
ぴょこぴょこ,13555
よじれる,13543
でまかせ,13526
けばけばしい,13524
ねんねん,13523
あふる,13501
むつまじい,13500
むささび,13485
いばん,13462
そむける,13450
やぶさめ,13443
あつめる,13431
つぐむ,13421
ちかちか,13389
いっけん,13371
ばけん,13360
たくる,13357
さるすべり,13332
げんげ,13321
あおぐ,13313
くりぬき,13306
ぶきっちょ,13306
あなどる,13300
おれる,13297
つむる,13262
しゅんと,13252
まじる,13241
しらじらしい,13221
びた,13192
こうばしい,13191
けろけろ,13173
どかどか,13171
うすっぺら,13166
しつらい,13158
なずむ,13151
ひょこひょこ,13144
すずし,13141
きんきん,13137
おめおめ,13135
すけん,13134
つたう,13130
ぷちぷち,13130
やんま,13128
そこなう,13090
へんてこりん,13089
なまぬるい,13087
むかで,13087
なげき,13081
せいち,13079
めそめそ,13057
うらめしい,13046
たわむ,13044
ふれこみ,13042
きせる,13036
ぽんこつ,13024
からまる,13023
ぎざぎざ,13020
はりはり,13015
おしくら,12990
おうむ,12987
いとなみ,12967
つけどころ,12962
おうよう,12958
だだっぴろい,12958
きよい,12947
さまたげ,12932
すくむ,12924
しっかと,12911
いさめ,12910
はってん,12872
ぁああ,12870
ねだん,12867
みする,12866
のさばる,12864
びつくり,12859
ぺったん,12846
とぼしい,12838
さかさ,12837
わきまえる,12836
そのー,12829
ねばい,12822
あららぎ,12820
すかす,12791
ぱたぱた,12789
なぐる,12776
ぎゅっ,12768
しょうらい,12760
いっとう,12751
たおる,12748
ついと,12741
ぼやぼや,12737
しじゅう,12736
でんぶ,12736
かしましい,12735
ほんろう,12735
いたましい,12701
ぎゃふん,12676
ほんらい,12661
しゃっきり,12652
まどい,12639
だれる,12631
えいえい,12603
たらちね,12577
つぐない,12576
むずがゆい,12566
あったら,12563
おもねる,12537
とんま,12537
きたえる,12533
せんじょう,12531
ひきつれ,12531
こうがい,12511
ちらっ,12493
まじん,12490
うるわしい,12472
なまくら,12445
ひとかたまり,12435
はしけ,12423
ほいと,12404
たわむれる,12392
くちい,12386
やけっぱち,12386
あいさ,12385
まくん,12377
なるい,12369
なまなましい,12368
よじる,12362
ぱたり,12357
とがめる,12336
おべっか,12313
よりぬき,12311
かつかつ,12310
たへ,12295
いちじるしい,12292
あめんぼ,12288
くじく,12280
そむく,12258
つらなる,12257
わすれる,12249
くぎづけ,12245
くらます,12244
がらんどう,12243
ぐぐ,12239
はおる,12237
きざむ,12229
でっぱり,12222
むごたらしい,12219
こぶり,12204
いちゃつく,12200
うらうら,12191
とうぶん,12191
むざむざ,12180
じきじき,12170
ちんぴら,12156
でっぷり,12141
たすける,12131
きわめる,12119
げんに,12102
ぎゅうにゅう,12097
てかてか,12093
げきする,12090
ほどける,12089
つまびらか,12078
はげまし,12070
はいかい,12057
ばっちい,12057
ぬけぬけ,12056
むな,12041
かまびすしい,12021
とくさ,12018
そだてる,12016
むげん,12016
つたわる,12013
くわし,12007
たなご,12003
うねめ,12002
たせる,12000
てがる,11989
げし,11985
こぞ,11972
やれん,11966
けってい,11959
あかす,11953
ぎしぎし,11944
のぞましい,11939
とどろく,11906
かむろ,11902
まてん,11900
ざめ,11898
てひどい,11897
ぷりっ,11881
いぶん,11858
おもだか,11847
ばさばさ,11842
くねん,11824
こすい,11808
なぐさめる,11806
まずしい,11801
ぐりん,11795
まがまがしい,11790
むげ,11786
おちいる,11784
とげとげしい,11781
すりばち,11780
じゅず,11779
はきだめ,11770
あさまし,11766
ゆさゆさ,11756
くさる,11754
めばち,11753
ひしと,11743
ざぶ,11739
いちず,11719
まみれる,11719
ぱお,11717
ぽき,11713
けいし,11708
はまん,11681
よぼよぼ,11673
やぶり,11665
うてん,11662
かわらけ,11656
これみよがし,11650
ぶらつく,11638
しおしお,11625
のろう,11610
ぼける,11609
じょうご,11597
どよめく,11593
まぢか,11592
むちうち,11589
ぺり,11586
やらす,11579
うしろめたい,11574
かたばみ,11565
むせぶ,11565
あったりまえ,11564
しくじり,11561
はらから,11561
おんどり,11551
ぬるり,11535
うそぶく,11518
うずき,11509
がっつく,11503
まわれる,11474
はいれる,11466
ぱさぱさ,11460
ねむたい,11455
たくん,11450
ちびる,11450
いさぎよい,11449
えんこ,11449
ちしゃ,11449
おさつ,11446
ながらく,11444
くずす,11439
びつ,11438
こんとん,11437
のべん,11437
まねごと,11434
みせん,11429
ぐらつく,11425
あぶなっかしい,11411
びっこ,11411
でしゃばる,11406
いましめ,11404
すくな,11387
おくびょう,11376
せかす,11372
なよなよ,11372
ぎゃあぎゃあ,11369
おそれる,11367
みとめる,11366
こうふく,11362
さじき,11359
さばける,11353
つげん,11352
きっこう,11329
たむけん,11325
おとしめる,11323
ぱっ,11319
ふつつか,11315
めぐらせる,11304
あんぽんたん,11303
ぺちゃんこ,11290
どかす,11280
つましい,11270
しゃくやく,11267
まえん,11247
こざかしい,11244
せいご,11239
まるっこい,11236
さんすい,11234
はこび,11233
ろうばい,11229
きぬがさ,11195
のたうつ,11194
ぺちゃくちゃ,11191
ぎゃらりぃ,11182
いた,11181
しくん,11174
ピンはね,11174
せいかん,11164
しこん,11157
つげる,11157
へーっ,11149
ぐはっ,11147
ずぶとい,11133
ありあわせ,11123
まちどおしい,11123
しわい,11116
しんじん,11115
すねる,11109
ろくろく,11107
たまさか,11106
こすれる,11102
のべつ,11102
おちょくる,11083
いれん,11079
さやさや,11079
せんない,11079
ふとう,11074
いまわしい,11070
ぷっつり,11064
やいやい,11064
うるおす,11058
けげん,11057
ちょろり,11056
てこずる,11042
じゃみ,11030
おこなえる,11016
きまじめ,11012
ぷぷっ,11008
さかずき,11007
つりあい,11004
ゆらめき,11004
とぼける,10985
くじける,10984
けしかける,10981
ぱっぱ,10974
かじかむ,10973
こもん,10972
ひきたて,10972
とりあい,10970
ゆうこう,10970
ていたい,10969
しょうい,10966
ほどこす,10959
ぬらす,10954
とよむ,10952
おちん,10946
とがり,10908
さわがしい,10905
みっしり,10905
とうがん,10902
なれん,10894
おびやかす,10893
まかす,10889
ぶあつい,10886
かさなる,10873
ひがむ,10871
すめる,10869
ざわわ,10860
たえる,10853
やぼったい,10842
ひゅっ,10823
ざわつく,10822
じゃれる,10822
かんにん,10795
ごめんください,10790
もうまい,10783
ぴっ,10755
へつらう,10750
しみったれ,10741
はげむ,10725
むっくり,10713
とうとい,10708
ちゃきちゃき,10706
まよい,10698
けぶり,10688
とくする,10677
むじな,10677
つっけんどん,10664
げんまん,10661
おだまき,10646
ぱた,10636
なやむ,10622
ぐず,10620
めだつ,10608
べたつく,10600
さめざめ,10599
ベタつき,10596
かいてい,10592
かぼそい,10585
いのる,10584
かめる,10578
むしる,10568
せんしゅう,10565
ぺしゃんこ,10553
りゅうと,10538
こころなし,10518
ひきょう,10516
あがく,10487
ずきずき,10453
まみえる,10450
むちむち,10439
ちょびちょび,10434
しぶく,10421
だぶり,10418
いたむ,10414
げいこ,10412
ふくれる,10411
なおせる,10397
せっけい,10394
めいじん,10374
すたこら,10373
つきたて,10369
ありてい,10362
じゅばん,10360
わあわあ,10347
かんぱん,10342
むつかし,10324
つねづね,10316
ぱちり,10308
うらむ,10307
よろける,10305
きまずい,10293
じょっぱり,10293
つけかえ,10289
はげん,10277
うずめる,10271
いじましい,10270
えみし,10262
ますらお,10258
よろこばしい,10253
なかす,10248
きえる,10241
きづく,10236
もたげる,10230
ねじれる,10227
かたす,10226
はげる,10226
せんてい,10218
がいせん,10214
のっける,10209
しばれ,10200
あたん,10196
そげん,10191
ざんねん,10170
したためる,10138
なまん,10138
はれぼったい,10138
どやどや,10131
ことなん,10123
しとめる,10117
せめる,10101
あまずっぱい,10092
うつうつ,10090
ひらける,10076
ゆらす,10076
いーえ,10074
ざざ,10066
ういういしい,10063
えたい,10059
しつよう,10052
じらい,10049
くべる,10047
ばれん,10035
てんぷ,10030
すばしこい,10020
したっぱ,10017
やわらぐ,10009
うたて,9998
あがめる,9995
まのあたり,9988
いきみ,9987
うまん,9977
はたらきかけ,9976
はやす,9975
どける,9972
たあい,9965
いどむ,9959
つまめる,9956
みつぐ,9953
おんば,9952
ふとっちょ,9951
みなせる,9949
かすれる,9946
いそぐ,9945
こわばる,9945
たいす,9937
へいそく,9925
のんだくれ,9901
とぎれる,9897
きずく,9890
こころよい,9888
そしる,9888
くるう,9868
まよう,9866
ひかえる,9865
いさましい,9853
ないまぜ,9846
もしゃもしゃ,9836
みまい,9833
なめん,9825
しだく,9815
いがらっぽい,9814
よごし,9807
ひたす,9806
しずしず,9805
いぐち,9799
いたわしい,9797
よりより,9790
ぺったり,9788
せいそう,9786
しゃにむに,9776
のがれる,9770
トゲトゲしい,9749
わかす,9741
やんごとない,9740
うなん,9738
あずける,9736
なぞらえる,9734
さんぜん,9702
みれん,9692
とぎれとぎれ,9682
ずんぐりむっくり,9662
しるす,9644
はじる,9643
しゃらくさい,9641
むせん,9631
わたつみ,9622
えさやり,9613
おしゃか,9610
うずまく,9606
ねばる,9606
こごえる,9585
かざん,9584
くたびれる,9572
こぐらい,9567
いごっそう,9565
とべる,9565
せびる,9557
けがらわしい,9546
くぎり,9526
どなる,9526
せんだって,9521
きゃあきゃあ,9517
へらす,9496
がぶ,9485
こうご,9485
じらす,9482
きたならしい,9479
のぼせる,9479
しめきり,9470
やとう,9469
たいひ,9461
ゆうすげ,9460
びちゃびちゃ,9446
あぜん,9444
あてずっぽう,9444
かがっ,9444
ふくまる,9433
いまわ,9430
ふくしゅう,9419
こうるさい,9406
あけすけ,9401
うったえる,9379
とどける,9374
どもる,9374
ひらたい,9365
ちょくせつ,9364
まちがえる,9364
とらえどころ,9360
けちょんけちょん,9351
とむらい,9351
けれん,9350
びしびし,9343
いわけない,9336
ふっくり,9333
てごわい,9304
ひらべったい,9302
あっぷあっぷ,9300
がんも,9300
もげる,9299
かっき,9298
まぜこぜ,9285
てらう,9281
なまあたたかい,9271
とびとび,9264
めらめら,9263
なまやさしい,9258
まがる,9254
せむし,9251
たんま,9243
ひざまずく,9241
よそう,9229
ひぼう,9225
つねる,9217
ぼうぜん,9215
おぼしい,9212
そそう,9211
もみあい,9198
たゆい,9194
ぺろ,9176
ぎゅうひ,9173
あばれる,9172
ごてごて,9168
さわん,9152
つかす,9145
しどけない,9144
ふさがる,9143
あかる,9139
てには,9137
げんこ,9124
いっかん,9122
あるけん,9116
こうはん,9116
しらなみ,9109
でれでれ,9086
しかくい,9080
めざとい,9080
しくじる,9063
ちみつ,9054
はなれる,9039
こびりつく,9031
にくたらしい,9029
しめっぽい,9027
ごかい,9024
おもたい,9023
こじつける,9010
へんこつ,9001
ぺたんこ,8990
ぴちゃぴちゃ,8981
こむずかしい,8979
ボロっちい,8972
しずむ,8971
はけん,8970
びいどろ,8965
ころぶ,8958
けぶる,8943
じいっと,8942
のりしろ,8940
ならわし,8930
けっく,8923
へええ,8922
ぐあい,8918
あつくるしい,8899
またたく,8898
いじける,8894
ぼうちょう,8892
かなぶん,8884
からげ,8882
いたいたしい,8881
たぐる,8874
たむけ,8872
せいなん,8865
ベタつく,8865
ねたましい,8864
ぬすむ,8862
うすぐらい,8860
びんた,8854
うつろう,8849
えじき,8840
たすかる,8831
てあらい,8829
みはり,8826
はする,8824
べらんめえ,8820
きんせん,8819
かんぬき,8818
しかつめらしい,8816
だける,8815
あばく,8807
おくゆかしい,8802
びち,8802
くらせる,8796
すいえん,8794
けずる,8787
じんた,8785
こころもとない,8777
シンドい,8775
あしい,8758
めでる,8752
たじろぎ,8746
たいしゃ,8743
しとど,8733
にくらしい,8731
あらためる,8730
はかばかしい,8714
あせび,8711
おたおた,8702
ねぐ,8697
たまげる,8696
おちこぼれ,8691
まぎれる,8689
おおわらわ,8686
にぎわす,8685
こわれる,8676
きなくさい,8658
せんしょう,8644
なげかわしい,8636
じじむさい,8624
ことわる,8622
かくまう,8619
にごす,8614
ごみごみ,8610
くずかご,8606
おそれおおい,8591
しあさって,8576
かこむ,8568
ぜんしん,8555
いたま,8546
こいしい,8543
こはだ,8543
みぐるしい,8541
ねたむ,8539
かっとう,8538
ごそっと,8538
そらぞらしい,8538
はなぞの,8538
けむい,8530
ぱふ,8528
きがる,8518
ちょぼちょぼ,8518
げきじょう,8515
かてる,8512
へりくだる,8512
もぎり,8512
あらそい,8502
てきす,8500
あぶらっこい,8495
なげく,8493
なまぐさい,8487
ほろにがい,8481
あまえん,8472
やどる,8463
たどれる,8458
ざっ,8444
のっとる,8431
きめこまかい,8429
だぶだぶ,8419
たけだけしい,8411
きかす,8394
からきし,8388
とめど,8386
もんどう,8385
じくじく,8384
しずめる,8382
かぞえる,8379
かいがいしい,8378
ぬめぬめ,8375
あいらしい,8373
さいかち,8370
おあしす,8366
おえる,8359
あおむ,8355
ぐいのみ,8350
あばずれ,8335
くぐつ,8331
そうせい,8326
さくらそう,8322
こっぴどい,8316
まつわる,8312
ゃっと,8311
こころゆく,8310
まないた,8310
まにあう,8309
しばれる,8292
そそのかす,8289
あまったるい,8279
おちつき,8271
こげる,8268
こわもて,8264
あまっちょろい,8252
どなん,8247
ひっくりかえる,8247
つっと,8245
そびれる,8236
あやかる,8234
としより,8233
うたがわしい,8222
とりまき,8210
うごかす,8201
さくしゃ,8200
ひさしい,8197
やむない,8193
ぬらぬら,8192
のぞける,8192
くるおしい,8189
なやましい,8181
ずいと,8179
おしむ,8171
かこつ,8170
しげり,8143
あらっぽい,8136
こなごな,8132
ものめずらしい,8132
こころない,8131
ゆゆしい,8124
ぱんぱん,8116
ねつい,8109
さざめき,8107
むむっ,8096
けっしょう,8090
びくびく,8090
うつりかわり,8088
かたくるしい,8083
けむたい,8054
ぼたぼた,8052
いじいじ,8045
いらだたしい,8044
ひきいる,8044
おとろえ,8043
きらう,8042
ふじょ,8041
ささる,8037
ぎっ,8034
よろう,8031
ぎすぎす,8026
わする,8025
かんばしい,8023
ざあ,8019
はしゅ,8011
なまじっか,8005
ほじくる,8005
ねがう,7998
かたまる,7990
いろどる,7987
じゃァ,7982
ぺりかん,7982
めいる,7981
ほどとおい,7980
ごうまん,7975
のらくら,7975
あらあらしい,7974
ごてん,7973
ものがなしい,7958
いきむ,7957
なぶる,7955
つべたい,7947
よれる,7946
ニガい,7945
かさねる,7943
きざはし,7940
へんぴ,7936
おどかし,7935
かたむける,7933
きちきち,7931
こすっからい,7927
たやす,7923
いぶす,7922
しゃくる,7900
めぐむ,7898
すずこ,7896
したう,7893
めめしい,7890
ぬくとい,7888
しめん,7887
いつくしむ,7886
いぶかしい,7886
ほじる,7886
ほくそえむ,7872
そうぞうしい,7871
したしい,7868
しれる,7865
ちゃんばら,7863
うとましい,7861
つつがない,7860
みちみち,7857
おえん,7854
アガる,7851
ぐれる,7840
しゃれこうべ,7838
いらだつ,7829
こびる,7826
もだえる,7818
かたづける,7816
はばき,7809
うやうやしい,7806
たしかめる,7806
もそっと,7798
うれる,7785
しみん,7785
くもる,7780
はなばなしい,7757
うぶい,7750
しげしげ,7750
ふくそう,7743
ぞんぶん,7738
いかれる,7735
ぴぴ,7734
こくっ,7733
むんずと,7722
むしあつい,7717
ひきい,7715
あざむく,7712
こうじん,7712
いっかな,7710
かたより,7710
つかわす,7709
まざる,7706
ゆめみる,7702
ものうい,7700
しゃぎり,7694
なれあい,7694
むくい,7691
とうと,7688
まっしろい,7687
ほそながい,7682
ねばりづよい,7677
あっかんべー,7676
こげくさい,7675
ぷろだくしょん,7667
ないない,7665
かさなり,7663
ばらつく,7661
ものさびしい,7658
もちいる,7654
なしくずし,7647
このましい,7641
おだてる,7637
うわき,7624
しゃあしゃあ,7615
ぐしょぐしょ,7614
はぐれる,7614
うせる,7606
むしばむ,7605
ざりがに,7597
はばひろい,7596
よべる,7596
かがむ,7594
もやす,7593
きっかい,7592
たるむ,7592
なまっちょろい,7590
にぎにぎしい,7586
いたぶり,7585
たくす,7583
あぶれる,7582
やすむ,7573
よわよわしい,7564
ころがす,7553
ずけずけ,7551
みちびく,7550
けむる,7546
かがやかしい,7544
めのと,7541
ぱふぱふ,7532
とばく,7531
さいせん,7517
およぐ,7513
てぬるい,7510
ほれる,7507
いとけない,7490
かびくさい,7489
にれ,7476
さむし,7473
たてつく,7473
やくだつ,7473
うすぎたない,7462
がぶっ,7459
かっこん,7456
よろしき,7451
にくにくしい,7447
いらち,7443
ねつぞう,7440
しゅうしゅう,7439
いたどり,7436
こころぼそい,7425
てらてら,7419
じゅうりん,7412
こおん,7409
のっかる,7409
さかしい,7407
かんてき,7400
たいりょう,7400
かせげる,7393
ぐたぐた,7386
いってつ,7376
おくまん,7373
ぶぜん,7368
カシコい,7367
うえる,7358
すれる,7352
くだくだしい,7346
まあたらしい,7344
ぜりふ,7340
しおからい,7336
おろかしい,7332
おぐらい,7330
ずっこける,7320
ようじん,7320
うめん,7307
ひょうげん,7299
まかる,7288
こんがらがる,7286
けだかい,7284
いごこち,7279
かんだかい,7276
まします,7269
はださむい,7268
まだるっこい,7268
もてあそび,7267
いがぐり,7265
まっくろい,7265
かためる,7264
うっちゃり,7262
なじめる,7257
しょうじん,7256
しぶん,7251
あまなつ,7245
つくん,7245
たかまる,7241
さざめく,7235
ざんき,7228
うらさびしい,7224
あけっぴろげ,7221
しゅっぱつ,7210
ねぶり,7204
ぴち,7200
ておもい,7197
ふんだん,7196
グレる,7192
こころづよい,7191
たっとい,7189
ぽっちり,7189
ぐぶ,7180
むに,7176
べろんべろん,7163
へこたれる,7160
すさび,7158
ねらえる,7158
あそばす,7156
いとおしむ,7155
そだつ,7145
ざや,7141
ちからづよい,7141
につかわしい,7135
おもはゆい,7133
ほこらしい,7132
ちびりちびり,7129
なまっちろい,7128
そこねる,7123
こうごうしい,7114
どすぐろい,7107
ひょろながい,7105
どくどくしい,7102
どろくさい,7097
どくしょ,7094
まめまめしい,7092
くんず,7089
はしこい,7085
そらおそろしい,7084
にがにがしい,7079
こすからい,7078
わかわかしい,7078
ぱっつん,7077
ひとつかみ,7076
しにせ,7074
たよん,7069
なのる,7069
りょうけん,7069
かちり,7059
のがす,7045
こぎたない,7044
ひだるい,7038
かたかご,7035
すずむ,7034
あおくさい,7030
てごろ,7029
ぎっちり,7024
わびる,7023
しんにょう,7022
つとまる,7022
いしゅく,7017
あおじろい,7013
かつぶし,7005
やじる,7004
あじわう,7002
わるがしこい,7002
こころにくい,6995
いとわしい,6993
ふうき,6990
やじり,6988
おもおもしい,6984
ひやっこい,6976
ひそみ,6973
さんず,6970
おどける,6969
はらだたしい,6969
ゆるがす,6965
ことごとしい,6962
のたりのたり,6962
いかけ,6961
ひるがえる,6958
あぶりだし,6951
ぺっ,6947
てびろい,6943
ガンバる,6943
はぜる,6936
ぎょうぎょうしい,6934
ふんする,6932
あいする,6930
ふうわり,6918
ぐうぜん,6917
はてる,6917
すぐれる,6913
ボヤく,6913
あいなめ,6912
こよない,6907
しきつめ,6902
きむずかしい,6901
ひしめき,6896
ぶらさがる,6891
くちうるさい,6886
こにくらしい,6885
とつとつ,6877
いぎたない,6874
ぎゃっ,6874
ざいりょう,6874
あざけり,6865
あざける,6865
うたがいぶかい,6862
かかす,6862
おくふかい,6861
ごったがえす,6860
かんがみる,6858
ぎよう,6854
うかべる,6853
てきびしい,6849
すける,6844
しゅしょう,6839
ちかしい,6830
おいてきぼり,6827
あたじけない,6824
くばん,6820
せいちゅう,6809
あまからい,6804
たぶらかす,6796
くだく,6792
わろい,6789
おおしい,6778
くちはばったい,6777
いきぐるしい,6775
きづよい,6775
うすらさむい,6773
よしない,6773
かがめる,6769
こだかい,6768
めあたらしい,6768
ぐでんぐでん,6766
ぐお,6764
まぢかい,6755
うそさむい,6745
おどれ,6745
おろせる,6745
つきあたり,6745
のぶとい,6743
あつぼったい,6742
じとじと,6738
しゃべん,6735
つらにくい,6731
やすまる,6730
けぶかい,6729
こはぜ,6728
ぐさり,6727
なみだもろい,6727
おとしいれる,6725
うずたかい,6723
てあつい,6716
くちおしい,6715
ばばっちい,6715
へきれき,6702
しらが,6701
ひとで,6701
だしぬけ,6694
いびる,6690
うしろぐらい,6687
きはずかしい,6687
ねつこい,6684
にぎわしい,6683
すくえる,6681
てばしこい,6678
ぼってり,6678
もうろく,6677
おもくるしい,6675
くちぎたない,6673
こやかましい,6668
ものぐるおしい,6662
チラつく,6661
けちけち,6656
こぜわしい,6652
たかめる,6652
ねづよい,6648
せまくるしい,6646
ものさわがしい,6641
みだりがわしい,6639
ものおそろしい,6638
はつる,6634
こやす,6622
だべり,6620
はばかり,6618
うらがなしい,6610
つみぶかい,6610
てがたい,6606
てばやい,6606
えがらい,6604
いざよい,6603
つけあわせ,6603
いさめる,6602
にあわしい,6601
けんもほろろ,6600
こめん,6600
せんりゅう,6599
ちちくさい,6597
ふくらます,6597
メデタい,6593
けいしょう,6592
おみなえし,6589
のせん,6571
くさくさ,6563
はらぐろい,6562
ちょうば,6561
れいれいしい,6559
ものすさまじい,6554
おくぶかい,6553
ぐじ,6553
しらぬい,6553
かるがるしい,6548
くるまる,6548
はなせる,6548
まましい,6547
かげる,6545
かろがろしい,6542
ひっくりかえす,6541
あじきない,6538
しはらい,6534
きゅうす,6531
こころやすい,6531
ぶっそう,6531
こまごましい,6528
あさぐろい,6527
ひとにぎり,6519
ぺっちゃんこ,6519
びびしい,6517
とがる,6516
てづよい,6512
たがね,6499
なさけぶかい,6499
ものがたい,6499
ききぐるしい,6498
きぜわしい,6498
かんぱい,6496
しんにゅう,6496
たいらげる,6493
ふまえる,6493
ねがわしい,6489
はばむ,6486
うたぐりぶかい,6483
けせん,6482
なみだぐましい,6482
あまちょろい,6479
ひろま,6479
うとうとしい,6478
しぶる,6475
たおれる,6471
びろう,6458
すえおそろしい,6456
なまあたらしい,6453
ふくぶくしい,6449
もうとう,6448
うすぐろい,6445
かぐろい,6441
ちなまぐさい,6441
のろわしい,6436
こころぐるしい,6434
うたえる,6431
きがるい,6431
ひよわい,6429
なんじょう,6424
ひとくさい,6420
ひなたくさい,6418
はだざむい,6417
せいそ,6413
じゃあじゃあ,6412
ねぶかい,6412
スッぱい,6406
いわす,6405
たのみすくない,6404
くじん,6403
くちやかましい,6401
しちくどい,6399
こはずかしい,6397
したわしい,6396
にやける,6396
つんのめる,6395
むふ,6392
すべっこい,6381
いいなずけ,6376
ひろめる,6374
まわりどおい,6374
ねぐるしい,6371
てがるい,6370
のこりおしい,6369
あおぐろい,6367
くちさがない,6363
ぱにっく,6363
このもしい,6359
はやばや,6356
うすじろい,6354
そらはずかしい,6354
いななき,6352
すっぽかす,6352
さげすむ,6350
こじらせる,6348
ぐうぐう,6346
かどかどしい,6345
ちらばる,6344
さとす,6335
けうとい,6332
あかぐろい,6328
ものいい,6328
えばる,6325
きりこみ,6324
むなぐるしい,6320
じゅつない,6319
こまかしい,6313
こぶかい,6308
さがせる,6308
ならびない,6307
やにっこい,6307
したたるい,6305
つかまつる,6302
たくわえる,6301
すえたのもしい,6300
のっぺい,6298
おもわしい,6297
きづかわしい,6291
ざらつき,6286
はらぎたない,6283
えんどおい,6274
ながたらしい,6274
のこりおおい,6272
さておく,6268
みみどおい,6267
こころよわい,6266
どんがら,6265
どろぶかい,6264
ちょんぼ,6262
いそくさい,6260
とんかち,6260
つちくさい,6254
きっす,6252
かなくさい,6251
いぶかる,6246
けむし,6236
しきゅう,6236
めばやい,6236
なまじろい,6232
ちょろまかし,6231
みしり,6231
はなはずかしい,6219
くちがたい,6218
さらえ,6217
なかだち,6216
しょうよう,6208
くさぶかい,6207
じつない,6207
ことあたらしい,6206
ぴしゃ,6206
せいす,6201
くるわしい,6191
ぐあ,6191
みみあたらしい,6188
にくし,6187
やいのやいの,6182
まどおい,6181
ちかづく,6167
ざれごと,6164
ぐぐる,6162
せっかい,6151
すすどい,6128
うなばら,6125
できあい,6125
むしゃぶりつく,6123
へつらい,6119
はればれ,6110
かいう,6107
いぶく,6101
さしがね,6101
どんす,6086
ぐれん,6083
せきつい,6079
ひわい,6067
あぐねる,6053
みせしめ,6052
たりる,6043
ささら,6042
かるがる,6005
ものぐるわしい,6005
こらしめる,6003
おおせる,5994
ぐは,5991
ぱくる,5991
きわだつ,5988
にっこにこ,5978
ふちどり,5977
そうてん,5973
ぬすみ,5973
かえすがえす,5966
よぎ,5959
たかぶる,5955
でかす,5953
ぷた,5950
ふけん,5946
ひたと,5943
かりょう,5942
かかわれる,5930
だけん,5925
こっとう,5923
しいる,5920
ぜいじゃく,5920
いんぺい,5918
けんらん,5917
しっそう,5908
しばふ,5904
ふやける,5893
ゆすぐ,5890
かえれる,5888
おくて,5883
ぎちぎち,5881
くらわす,5867
のどちんこ,5860
のぞめる,5847
あらそう,5844
しゅうとめ,5839
このしろ,5836
ざらつく,5835
まちがう,5830
さいり,5823
だぶん,5823
さまたげる,5816
かっさい,5815
おどかす,5807
つんつるてん,5807
べっかんこう,5805
おおぐま,5802
まっさお,5784
ひるがえす,5772
さからう,5771
ふやかす,5766
なきごえ,5764
がばがば,5751
ぎらい,5749
たゆたい,5739
そねみ,5732
むくれる,5731
くぐれる,5728
ねかせる,5722
うしなう,5703
つっかえる,5702
おどす,5686
しらせる,5684
せんぼう,5684
ひよく,5684
もどれる,5682
めとる,5680
ぜんどう,5673
かんばせ,5666
あかき,5662
きらず,5662
しおれる,5655
ゆがく,5650
はぶく,5648
さいぎ,5646
みとる,5643
しんきゅう,5641
ふらち,5640
いちび,5628
かえりみる,5619
けいべつ,5619
ねんしゅつ,5618
まかん,5610
ひしょう,5606
さいばし,5602
かなでる,5601
けまり,5576
くいる,5567
すさむ,5556
かおん,5554
さかのぼれる,5552
でれすけ,5546
むらがる,5542
ありがたし,5540
ずんと,5535
まぬがれる,5535
ぐわっ,5518
あばれん,5513
にごる,5511
じする,5509
ちっさな,5506
ぎい,5503
どうじん,5497
じゃらす,5495
みつかん,5487
みだす,5479
だまん,5477
ぷるん,5474
だべる,5471
さしづめ,5468
こさえる,5459
すってんころり,5457
きばん,5449
むじゃき,5448
しわす,5441
はだか,5440
ぬかるむ,5439
だまる,5426
てがける,5412
たまわる,5408
かけす,5407
へんちくりん,5400
おみおつけ,5398
ばてる,5379
ぼうふら,5371
はだける,5368
あわてん,5359
さまつ,5352
くねる,5333
ざいく,5332
そまる,5331
むくっ,5328
すかたん,5323
ぷか,5316
さしこみ,5314
ぐじゃぐじゃ,5312
くすむ,5309
ずんどう,5293
しゅぎょう,5270
ひばく,5265
はさまる,5264
あわれむ,5263
こじる,5257
きゅうきょ,5245
めぐん,5244
わたせる,5239
ぴこぴこ,5233
くさす,5231
びしょぬれ,5225
みしみし,5219
いぶる,5210
つつしむ,5197
ぎょしゃ,5185
なける,5181
こしゃく,5179
うちつけ,5173
のばせる,5171
まろうど,5164
じょうよう,5162
ぷい,5158
さびる,5155
さらしもの,5130
しらじら,5128
ひやかす,5127
ふせる,5121
ゆだん,5114
おおざと,5109
ほっす,5109
めいび,5108
びびん,5104
きばる,5102
そこひ,5099
このむ,5094
くえる,5089
とちり,5085
つくりかえ,5080
ぎらり,5072
いいつけ,5069
はぐろ,5060
すぼめる,5058
いっきょ,5057
うわん,5056
すずろ,5047
あかんべ,5046
まごつく,5043
あおあお,5042
てんぷく,5042
さんじん,5041
けちる,5035
あらがう,5031
ひょうじょう,5027
まどお,5018
ざわっ,5011
たぐん,5010
なんまいだ,5003
こうらん,5002
ぶらさげる,4995
かんのう,4990
ぎめ,4989
ほうたい,4986
やさき,4985
あずかれる,4973
ぬるむ,4972
せんりつ,4971
くびれる,4955
ほこら,4955
ふんぱつ,4947
きちょうめん,4946
もちあい,4944
くれん,4943
くだける,4922
くみあわせ,4920
せいさい,4918
いかつ,4912
ばくだい,4911
うぬぼれる,4907
かたちづくる,4896
わらえる,4893
まめやか,4891
つきそい,4889
だらける,4869
びせん,4869
さかしま,4867
かたよる,4865
きめん,4865
ぷしゅ,4864
はったつ,4862
わだかまる,4852
にたにた,4850
やくする,4843
きえん,4842
すだく,4840
てれる,4837
こづく,4836
あがん,4835
なつかしむ,4830
ぐじゅぐじゅ,4829
ぱくん,4829
つけたり,4820
てってい,4817
どんぴしゃり,4815
しゅるしゅる,4812
ぶすぶす,4810
ただれる,4806
あにい,4804
すたれる,4801
ぎもん,4800
はしょる,4793
のっしのっし,4792
かたどる,4787
つらねる,4787
どうだんつつじ,4787
かしこまる,4780
だっし,4779
まぎらわす,4770
ふっしょく,4767
はさめる,4758
ぶんどる,4755
おびる,4753
けがす,4750
いなむ,4734
はんもん,4729
こけん,4728
ぎしょ,4718
すってんてん,4713
ろうえい,4709
づゆ,4703
なごめる,4703
いちえん,4699
ぶうぶう,4696
ぐわん,4694
さんぱつ,4693
づの,4692
ぐた,4680
たたる,4672
えりすぐり,4670
すかんぽ,4668
しゅっちょう,4665
もすそ,4665
とりあつかい,4664
ねぶる,4663
あがなう,4659
かなしむ,4657
ちゃかちゃか,4657
おおばこ,4656
せんさく,4654
めいりょう,4653
あまえる,4648
ちかう,4643
すててこ,4639
おっぱじめる,4638
おぎなう,4636
ずばずば,4636
しんしゃく,4635
びい,4635
つくせる,4628
ぱか,4626
ふくめる,4617
むほん,4610
とりしまり,4606
かがる,4600
ねっちり,4591
わななく,4588
ぐび,4585
こころがける,4585
そうてい,4585
とりもち,4585
まげる,4582
あかめ,4579
そばだてる,4571
むらす,4565
ねむれる,4564
いとなむ,4562
かじとり,4560
きしり,4553
おとる,4552
くめる,4551
ちりばめる,4543
くるわ,4539
ばかす,4530
へいし,4529
しびん,4528
のっぴき,4525
もたす,4525
やつす,4524
ふえん,4520
ふとる,4519
ひろまる,4510
ハエたたき,4510
いわう,4502
うがつ,4496
こがす,4494
もっとい,4494
ちょうず,4493
びよう,4490
ゆるがせ,4486
ぺちゃ,4483
いななく,4470
こもれる,4466
ちがえる,4465
かいつぶり,4444
ぞめき,4434
しゃへい,4431
びさい,4425
ぶったぎる,4423
こころみる,4418
ぐずつく,4410
つながん,4409
ちゃかす,4406
わけて,4406
すわん,4405
めいん,4405
しっこし,4404
ちんぷんかん,4402
とまれる,4386
ひえん,4385
きょうじん,4383
せっきょく,4375
よどむ,4374
ざた,4373
ふする,4373
まぜん,4373
でくわす,4369
ぬかる,4365
いらう,4362
ひたぶる,4362
うすあげ,4360
じみん,4355
こせん,4345
ぐき,4326
すてん,4326
ぐろう,4319
いんとう,4318
ちんぷ,4317
へきえき,4315
うわまわる,4309
うんか,4309
うらぎり,4307
けんぱ,4307
あびせる,4306
どんぶりもの,4304
しろばんば,4302
まじわり,4297
かぶろ,4294
みだれる,4294
くちん,4292
くわだて,4292
どうぜん,4284
なけん,4278
へーえ,4274
なめす,4273
ころう,4271
したてる,4269
おどろかす,4264
ごうぎ,4263
つっかい,4263
びしばし,4256
しろかき,4250
ときめかす,4249
ずらせる,4244
ちんころ,4242
ざっし,4238
ふうび,4234
おもいおもい,4228
べつだん,4227
えんび,4224
ぴっかぴか,4224
けちん,4214
はいん,4214
だせん,4211
ぱこ,4207
すまう,4206
こてんこてん,4205
しんじる,4202
すいかずら,4200
まるまん,4199
たっせい,4198
つぐなう,4181
なまける,4177
としごろ,4176
もしほ,4171
しょげる,4170
そめる,4166
けんそん,4165
ぶんまわし,4165
くつがえる,4157
はなやぎ,4148
うたがう,4147
よがる,4147
おがむ,4144
せぎ,4141
のこれる,4141
ホレる,4141
とっしん,4138
ほかす,4132
めりめり,4129
めんぼく,4127
たどん,4120
ほったらかす,4118
やぶれる,4114
たいする,4112
わすれん,4106
しあげる,4095
いんぎん,4093
おとせる,4093
ちぎん,4084
むかばき,4082
よそもん,4081
おうじょう,4077
そこつ,4077
こおる,4075
ぺたん,4075
ざぶざぶ,4072
あたれる,4069
わろし,4067
しゅもく,4065
たかまり,4054
がか,4052
ひずめ,4044
れっき,4040
しむける,4039
りゅうちょう,4039
ほてん,4031
ふっこ,4028
よごれる,4024
かっぱらい,4011
たちくらみ,4011
ポシャる,4008
どけん,4001
めいよ,4001
おいる,3996
したがわ,3988
こうなご,3986
かたむく,3985
るまた,3985
へばる,3978
あせん,3974
しょうすい,3974
ぱせり,3973
ひけん,3973
しなう,3966
ちらかす,3953
やわか,3947
しりごみ,3942
まじわる,3942
はげます,3938
なじか,3935
よそおう,3934
ひねくれる,3932
まわん,3925
ばんかい,3923
ぞくする,3915
ねせん,3914
のぼれる,3913
ようせつ,3911
ふらす,3910
くゆらす,3907
うすめる,3906
みいだす,3904
へこます,3903
しかれる,3895
ゆるせる,3892
とどこおり,3889
びしゃ,3889
かつえ,3887
とざん,3886
だましうち,3885
しこむ,3882
ねどこ,3882
ぼうとく,3882
ざかい,3881
じゃっき,3879
ちぢむ,3879
べとつく,3875
かくする,3869
ふるふ,3868
こつぜん,3866
とろかす,3861
へご,3859
ざくり,3856
ひよわ,3849
ぱなし,3847
しげん,3840
てぐすね,3840
えのこ,3836
こちこち,3836
くめん,3835
がみがみ,3829
なぜる,3827
めいし,3827
つうじる,3823
わらさ,3823
あんちょこ,3818
たてん,3817
やしなう,3816
おどろおどろ,3815
そうらん,3815
かたむき,3811
たがやす,3803
ようえん,3792
ぷれぜんと,3786
したしむ,3784
ぷりっぷり,3782
くすねる,3780
とおせる,3777
さだめる,3773
はぶける,3773
へぐ,3769
せっつく,3768
つくつくぼうし,3768
はだら,3765
くろぐろ,3763
きょうす,3755
さんざめく,3745
つちかう,3745
はれん,3742
おこせる,3740
ぎら,3739
よごす,3727
まるこう,3722
ちかぢか,3719
ほろぼす,3716
ちょろぎ,3710
うたがい,3708
なりたち,3708
ぶれん,3696
ぴゅっ,3695
ざっき,3694
けっかい,3692
シラケる,3689
やくしゃ,3685
かくらん,3682
ぬかづけ,3678
させん,3677
ふてん,3668
みづく,3666
ぽちゃぽちゃ,3661
さんざっぱら,3660
はむかう,3659
むけん,3659
しっとう,3658
ほうけん,3657
ぎする,3654
つぶん,3654
ぺちぺち,3651
つばくらめ,3648
にしめ,3645
ぴゅん,3643
くぎん,3639
とんちき,3638
せんじん,3631
まるめる,3630
かんきん,3628
ふりょう,3626
ひとりごと,3623
ようする,3621
こうん,3619
ゆでダコ,3617
すごむ,3611
めもん,3601
なのん,3599
さむざむ,3594
ぎらつく,3593
ぐらむ,3592
こまねく,3592
うるむ,3588
いしもち,3580
だいそれた,3578
のうぜんかずら,3578
むわ,3578
くるしむ,3573
しない,3573
よもすがら,3570
つんどく,3568
かわれる,3566
しこる,3559
うだん,3556
つうかあ,3555
ぱくつく,3554
おこたり,3552
みいっ,3548
どんちょう,3547
ぎぼし,3546
こかす,3546
ことほぐ,3536
だぶつき,3536
ひりつく,3535
はやまる,3534
とおん,3532
こまねずみ,3528
くぼむ,3526
あやつれる,3524
たおせる,3523
ぼくとつ,3519
かめん,3518
やっかむ,3518
さぐれる,3517
さかやき,3516
いいまわし,3514
おこたる,3503
あとずさり,3502
へんてつ,3500
つつもたせ,3499
ほうる,3495
たきもの,3494
すぼまり,3492
なおん,3491
しおから,3489
きょうがく,3484
ぎむ,3483
ごたまぜ,3483
むれる,3483
あじわえる,3476
しつらえる,3475
おじる,3468
におわす,3464
たでん,3461
えんじん,3457
まごい,3454
じゅしょう,3452
わたれる,3452
かまける,3449
いきづく,3441
くわす,3434
さびれる,3428
ぷちっ,3427
きよめる,3424
こせる,3423
じょうりゅう,3422
しむけん,3417
どきょう,3416
にたり,3414
きらす,3412
すさぶ,3412
あらたまる,3403
ふるわす,3402
たりん,3400
おじん,3399
さくれつ,3398
ぺえ,3391
ちらりほらり,3388
しなん,3384
かしずく,3382
ふうとう,3381
みずおち,3378
やぶか,3378
バラつく,3376
そうめい,3375
しょうきん,3373
ぅんっ,3370
めくじら,3369
しねる,3368
まがう,3366
くわわる,3364
とおせん,3364
めかす,3364
やのあさって,3362
むずかる,3360
うやまう,3358
ぱちん,3355
やくす,3350
びっくら,3348
しりめ,3343
すぱすぱ,3342
すべらす,3342
ぺたり,3335
こせこせ,3333
こおどり,3327
ひとりごつ,3325
ぺえじ,3325
とねりこ,3324
いじめん,3323
とざす,3322
はべん,3319
はちきれる,3318
ぷかり,3317
ちょびひげ,3314
あたう,3311
かっきり,3307
ふっとう,3306
もじる,3305
とべん,3301
とむらう,3300
へんぺい,3297
くだくだ,3295
とつぐ,3295
さるぐつわ,3294
じだんだ,3292
ぽとぽと,3292
しんぜん,3288
たせん,3287
よろいかぶと,3286
まねぶ,3281
ねかす,3278
きざす,3275
しりぞける,3272
あれん,3271
こうちゃく,3271
いびん,3266
わたん,3266
かみあわせ,3265
のめす,3264
くゆらせる,3260
はりせんぼん,3260
ほつれる,3256
たよれる,3254
ほうける,3253
くっす,3252
せんべつ,3252
どうもう,3252
あっとう,3250
かくれん,3248
ぎっくり,3248
どんよく,3247
うけもち,3242
しぼれる,3240
まちあわせ,3240
やつれる,3235
ざとう,3227
もやう,3223
うれん,3222
ととのう,3221
つがう,3220
おもねり,3219
しっせき,3215
ほする,3215
けんまく,3214
ぴし,3212
もりつけ,3211
まとまん,3209
つぶしあい,3208
まげん,3207
かったつ,3204
たぎつ,3196
すりきり,3195
げじげじ,3188
ざぜん,3183
もだす,3175
おぼす,3174
あんのじょう,3173
けいもう,3169
それしき,3166
むにゅ,3166
あつらえる,3162
はかなし,3161
もどく,3158
そなわる,3156
あおか,3152
ぎしゃ,3152
びえ,3146
うらなう,3145
とちる,3145
ひやす,3145
しねん,3143
ちょろまかす,3142
がたつく,3136
なする,3134
しれつ,3132
ほろぶ,3132
けんのん,3128
わるき,3126
なくなん,3121
にくむ,3120
こんぱい,3119
ほぐせる,3114
てんめん,3110
じろり,3106
しおふき,3105
ゆえる,3101
きょうする,3099
くずおれる,3099
りょうし,3098
おおがかり,3091
くだされる,3088
ひさぐ,3087
ひょうぼう,3083
つがえる,3079
ついえる,3077
しきん,3075
ぴゅう,3073
すべれる,3066
わずらう,3066
あやまつ,3065
こっせつ,3063
くぐん,3060
びじゅつ,3059
ぴたっ,3055
かすかす,3053
スん,3051
ばける,3048
いだける,3047
のどやか,3046
どうこく,3040
びみょう,3037
ざっくざく,3036
ほろびる,3034
おたんこなす,3030
のろける,3030
おそし,3029
はだかん,3029
からまん,3027
ことづけ,3025
きめこまか,3023
おくらせる,3020
くみする,3020
やすめる,3019
まぎらす,3018
なまなか,3017
ばたつく,3017
くちずさむ,3015
むくいる,3015
たかん,3013
ふかせ,3009
はっする,3007
ぐいっ,3003
うたびと,3001
すっとぼける,3001
ぴょこたん,2999
ふめる,2995
さいなむ,2993
うかす,2992
とがらす,2991
ふやせる,2990
こじらす,2989
ひしゃげる,2988
さずける,2987
かむる,2983
さいだん,2983
ざぶん,2981
うかれる,2980
おこも,2979
みとれる,2975
ぱっちん,2974
すいば,2962
たっぱ,2961
いましめる,2957
きどる,2957
ざかな,2947
ものがたる,2943
びこう,2937
かわかす,2935
さずかる,2933
たつのおとしご,2933
ざんばら,2927
ふりわけ,2927
ぐぐっ,2923
とどろかせる,2920
あやめる,2919
うっちゃる,2916
こえん,2912
ひょうし,2911
けんかい,2910
てつだう,2910
ぱしふぃっく,2909
うかんむり,2907
こばむ,2903
しずまる,2902
とりきめ,2900
ぬくもる,2894
かたぶく,2890
ずらかる,2890
だぶつく,2890
へいこら,2890
かがやか,2888
まじえる,2888
あめる,2887
あとずさる,2884
ぐもり,2883
ねれる,2883
おっこちる,2882
ぽんつく,2877
せいする,2874
つよめる,2872
こんぽう,2870
しりぞく,2868
ぐにゃ,2867
ぱぱぱ,2867
もどせる,2867
かほど,2861
くみす,2859
むちゅう,2859
いんらん,2855
つみたて,2855
たげん,2854
すげない,2853
こなれる,2843
よりあい,2842
よいとまけ,2841
しあがる,2838
めいせき,2838
ふぶく,2833
びしお,2831
すかんぴん,2830
とりあわせ,2823
ゆゆし,2821
たがう,2820
そぐう,2817
ぷっつん,2816
あやまん,2804
アジる,2804
かぶさん,2803
いわえる,2802
まがえる,2800
ぐむ,2796
こびん,2795
はくだつ,2795
なづける,2793
はたらける,2787
だまくらかす,2785
おとろえる,2780
ずろう,2779
ふるまえる,2779
へたばる,2779
しゃれる,2774
びしっ,2771
よせん,2770
おしだし,2769
ついやす,2768
とんがる,2760
へだてる,2759
あえん,2758
かさねがさね,2757
ぱたん,2757
せいひつ,2756
ひきあい,2756
ふっつり,2756
しいんと,2755
おうじん,2754
ぷぷぷっ,2753
ほふる,2752
やぶく,2752
ぐえ,2751
ほころびる,2750
あやなす,2745
まどわす,2745
まもれる,2741
すげる,2740
ぴょこ,2739
がんば,2736
たたかえる,2734
ぐんたい,2732
ふかまる,2732
ひかす,2731
ぶおとこ,2729
つんけん,2728
てんてい,2726
へたへた,2724
うつむけ,2722
にぶる,2714
びたん,2714
くべん,2711
されこうべ,2703
つまびく,2703
えんれい,2702
とどろかす,2701
くみたて,2700
うらやみ,2699
みえん,2697
ゆるぐ,2695
きずつける,2694
ふかめる,2693
おもんばかる,2692
えぐれる,2685
たおん,2685
ぼやかす,2684
とえる,2674
かくべつ,2672
ぽしゃる,2671
きしる,2670
むぐら,2667
ぱさつく,2664
づた,2662
さらせる,2656
じゅんじょう,2656
むしん,2653
たっする,2649
とちん,2649
づよい,2648
いつわる,2646
はたせる,2642
びんしょう,2640
せんめい,2633
まぎる,2633
みせびらかす,2632
むくろじ,2632
めもる,2632
はかす,2631
ぜいご,2630
たゆむ,2630
ゑむ,2628
しどろ,2627
あれしき,2626
おおがい,2624
しらむ,2621
おぶう,2619
おけん,2618
かんつう,2616
はいせつ,2616
まてる,2615
まいらす,2613
いぼた,2601
こころざす,2598
ふせげる,2593
ざれる,2590
ガケっぷち,2587
およげる,2585
かぴたん,2585
むにむに,2582
ぬるん,2579
せんぱく,2573
ゆうずう,2571
えづく,2570
たびかさなる,2570
かんおけ,2565
ざあざあ,2563
ふちどる,2561
びたり,2560
はんよう,2559
ごろた,2558
たばねる,2556
うすれる,2555
ぐあっ,2555
ごねん,2554
つかえん,2553
はちきれん,2553
はったと,2548
むこうずね,2547
ぐちる,2538
あてこすり,2534
ちらかる,2533
くわっと,2530
だする,2530
くじる,2525
ていちょう,2524
べーごま,2520
ゆでこぼし,2520
ねとねと,2517
あおうま,2516
さくする,2515
もとまる,2513
あざわらう,2511
かたづく,2511
ふるわせる,2511
あしざま,2510
ていする,2509
びちょびちょ,2509
じゃんこ,2507
さきだつ,2505
えいずる,2501
えーッ,2501
あかんべえ,2498
はずかしめる,2496
よこたわる,2486
いちはつ,2484
ごわつく,2483
にすい,2483
ぴたん,2482
けわい,2481
ぐねぐね,2480
じみる,2478
ものかげ,2475
かじん,2470
けものへん,2467
すがれる,2461
とっちめる,2461
やしゃご,2461
あっぱく,2459
はんさ,2456
ぴんしゃん,2456
あづかる,2455
おすべらかし,2455
なべぶた,2454
にごん,2453
しゃなりしゃなり,2451
かんぐり,2450
なぐさむ,2450
みがける,2450
らいらく,2450
つれん,2449
ざんざん,2446
うらぎる,2440
どうけん,2440
ぴこん,2437
せいとん,2436
またげる,2435
こざとへん,2430
うつぶし,2426
けんぺい,2424
ちかづける,2424
しと,2421
てれん,2421
くされる,2420
ひっこす,2419
ひずむ,2415
げんじん,2414
ぴかり,2414
さかまく,2411
おさおさ,2407
さだまる,2407
うつせる,2405
ぎゃんぎゃん,2405
ぐらゐ,2405
せんする,2401
こうる,2399
がめる,2397
うっそり,2395
あやしむ,2392
ちぢまる,2391
はなやぐ,2387
ごうしゃ,2382
ひどう,2382
もとん,2381
しゃしゃりでる,2378
かまとと,2377
ぱさつき,2374
ぴいぴい,2373
ヤジる,2371
ゆうする,2369
こいねがう,2368
くわだてる,2365
こそげる,2365
ぴしぴし,2365
うけたまわる,2363
せんぶり,2363
かいもく,2359
しだれる,2357
あるける,2355
おこん,2352
うえつけ,2348
かぶん,2347
そさい,2340
そばえ,2336
かいまみる,2328
としとる,2326
そぼふる,2325
おどれる,2322
ことたりる,2321
ぜんく,2320
しょぼくれる,2318
つらなん,2318
くれぐれ,2316
かしこし,2314
わいしょう,2313
とっかん,2311
ねっしん,2309
むじゅん,2309
どっかと,2307
ふんまん,2307
かびる,2300
ちびん,2299
かくせん,2297
とだえる,2295
かばいろ,2293
ふうじん,2293
ほうてき,2291
ぷにゅぷにゅ,2289
あんしょう,2288
にがす,2287
たもてる,2284
あわさる,2280
ぎょろぎょろ,2276
くぐもる,2276
ぴちゅ,2276
ほまち,2274
めぐまれる,2274
ちょいと,2267
ぐちん,2266
ちょっきり,2266
びじねす,2264
みくびる,2262
ぷはっ,2261
よえる,2258
フケる,2258
めいする,2257
たかぶり,2256
ほのめく,2251
れんじゃく,2250
ほんぽう,2249
りきむ,2247
あかまんま,2245
こうじる,2241
すじん,2241
ほそう,2241
もてん,2241
よよと,2237
つきよ,2234
わずらわす,2226
いろづく,2223
かしぐ,2217
てぐす,2217
とこずれ,2217
とんぷく,2217
おもんぱかる,2213
ばいする,2213
ながせる,2212
うまれつき,2202
いばれる,2200
さぼん,2197
ぎゃお,2195
やくせん,2195
ぱかぱか,2194
ならせる,2188
あつかえる,2187
ぬきんでる,2187
ぺてん,2184
ちぢめる,2181
みそはぎ,2181
ぺす,2172
うごける,2171
おもん,2171
そくする,2170
しょっぴく,2169
しんらつ,2168
ゆわく,2167
おじけ,2165
ぷるっぷる,2165
いたつき,2164
なよやか,2164
ずっぷり,2159
むざん,2157
はやめる,2156
ひたん,2155
もうでる,2154
あちゃらか,2152
けいする,2152
せんえつ,2152
せせる,2149
きねづか,2148
じょする,2146
さらえる,2145
くちる,2140
うもれる,2139
しっけ,2138
かっぷく,2137
びっぷ,2137
わずらわせる,2137
ヒネる,2137
ためせる,2135
かえせる,2130
ぷんすか,2130
あぐむ,2128
にぎわせる,2126
ぷちん,2126
もとる,2125
はんする,2121
うつれる,2120
しなだれる,2117
まぎらわせる,2117
せおう,2116
でっぱる,2114
きょときょと,2111
ざば,2107
いこじ,2105
なやます,2104
さくそう,2102
しはらう,2100
はいずる,2099
まげて,2097
ひれふす,2096
なくする,2093
はてん,2092
ぴくん,2092
まばたく,2091
せっとく,2088
うずもれる,2084
かいしゅん,2081
むよう,2081
くぎる,2080
のたくる,2078
ダブつく,2077
ぴりり,2076
にちゃにちゃ,2075
すっとぶ,2074
うわずる,2072
たくする,2070
ぞうする,2068
はからう,2060
すべた,2055
まぜっかえす,2055
めばえる,2055
じれん,2053
ちぢこまる,2050
びたい,2045
きずつく,2042
いきあたり,2041
いじけん,2041
とつじょ,2040
むじょう,2040
せばめる,2038
せっする,2037
すぼまる,2031
つばくら,2030
いがむ,2028
ぐえっ,2027
すません,2027
ちかよる,2019
よこぎる,2015
かびん,2014
もじん,2013
しいん,2012
ぞろり,2011
かてん,2009
こぼせる,2009
しゃがめる,2009
ひえる,2006
さかえる,2000
しょうじる,2000
たばかる,1999
みそさざい,1994
びんざさら,1991
よわる,1989
づん,1987
がらっぱち,1985
こぼれん,1985
とむね,1984
ゆすぶる,1983
うちき,1982
かんずる,1981
のます,1981
だっきゅう,1980
たむける,1979
はらえる,1978
たくれる,1974
もぎる,1973
しょうりゃく,1972
ふっこう,1971
とどむ,1970
こげつき,1964
はやん,1963
くくん,1959
ことかく,1959
まぬかれる,1954
つもん,1953
けばけば,1950
おきん,1949
うねん,1948
がたつき,1948
やめん,1946
もくとう,1945
アテる,1945
さつきばれ,1942
いんうつ,1941
ひっこぬく,1938
ぼうする,1936
ぎろん,1935
かくせる,1930
ころげる,1930
にぎれる,1928
たっとぶ,1926
ぶんぷく,1925
くける,1923
ふさげる,1922
やじん,1922
ぐっすん,1919
ごする,1914
あらせいとう,1912
おそわる,1911
めぐれる,1911
しなびる,1910
たくむ,1910
とみよ,1910
おがめる,1909
ねばつく,1909
しぼめる,1908
にじる,1908
むすびつき,1905
うずまる,1903
せめぐ,1903
はばたける,1903
ぱこぱこ,1903
ゆびさす,1903
むずと,1897
たたす,1896
はしれる,1896
あっぱっぱ,1895
あなどれん,1893
ささくれる,1891
かんぐる,1890
ざせつ,1887
けがれる,1883
まとえる,1882
うわなり,1880
ひろえる,1879
ぷつぷつ,1878
かたれる,1876
くやむ,1876
どんじり,1874
ぐする,1873
うちあわせ,1872
いさぎよし,1869
えんじる,1867
いきまく,1863
きよまる,1863
やどす,1863
びくつく,1860
しばたく,1859
てあら,1858
あめん,1857
こがれる,1857
はっしと,1856
うらがえし,1852
あんずる,1851
かざれる,1848
やぶける,1848
すこしく,1846
つぼむ,1843
ひんする,1839
ざする,1836
ろうかい,1836
ぱしゃぱしゃ,1835
たのめる,1834
とどこおる,1834
ぴぴぴ,1831
かこつける,1830
ふそん,1830
なぶん,1829
はじらう,1828
たべん,1827
つきづきし,1827
はらせる,1826
のこせる,1824
ゆるせん,1824
ちぬる,1823
ぐっちゃぐちゃ,1822
ゆうこん,1822
ちんちんかもかも,1821
ばっさい,1820
ぱらり,1820
いしなぎ,1818
つるせる,1815
なぐれ,1815
あからめ,1813
かどわかす,1812
ちゅうする,1812
はしらす,1811
かわたれ,1810
せつく,1810
めしあがる,1810
けせる,1808
のぎへん,1807
せっちゃく,1804
せばまる,1799
しめすへん,1793
びめ,1790
そよふく,1787
ろくする,1785
おぶさる,1783
すいっちょ,1782
つらぬける,1780
みごもる,1778
ひにく,1776
ぶっつかる,1775
みいだせる,1774
でんぐりがえる,1773
ひしぐ,1771
くるめく,1770
げんのしょうこ,1767
ぜっく,1766
けっしん,1763
したまわる,1762
はかなむ,1762
ぱしゃ,1757
やっさもっさ,1757
くさむす,1756
すさる,1756
べちゃくちゃ,1753
もどん,1751
きさご,1745
ぞっき,1745
どしり,1739
ほうむる,1739
あとづける,1736
むすべる,1735
まつれる,1733
つめん,1729
ながびく,1725
ひえびえ,1724
おぎなえる,1723
てなれる,1723
むつむ,1722
くるめる,1721
ぺいぺい,1721
まんいち,1720
ざんざか,1718
あじる,1716
ほこれる,1715
せっぱつまる,1712
ちょんぎる,1712
おてしょ,1711
からげる,1711
がかる,1710
ぬぐえる,1709
ひめる,1708
つよまる,1707
ききいっ,1705
だっこく,1700
ぽっつり,1699
あまったれる,1698
しきゃ,1698
たかなる,1694
からがら,1689
ささめく,1688
くだせる,1686
たびだつ,1685
ぶっかき,1683
いからす,1681
かよわす,1681
あわだつ,1680
とえん,1679
しゃがれる,1678
ぬえる,1678
ふてる,1677
ふくする,1676
こんがらかる,1675
かながしら,1674
ねざす,1672
ふくれん,1671
ゆだる,1671
りょうる,1671
むむう,1669
くるしめる,1668
べんちゃら,1667
こんじる,1664
ひきわけ,1664
ぐうっ,1661
おわらす,1660
かよえる,1658
ざんぎり,1657
づとめ,1657
かざりつけ,1656
そんしょく,1655
はせん,1655
にげん,1654
よろこべる,1654
にえる,1653
なぐん,1651
そそげる,1650
はなせん,1646
せめん,1645
がなる,1640
ぱるす,1639
たがえる,1638
ながらえる,1637
じんぜん,1630
さかもり,1629
ぬかご,1625
あすなろう,1624
あつかふ,1624
そばだつ,1623
びゅっ,1623
うね,1620
やすらう,1619
じゅくす,1618
いやます,1617
つかめん,1617
えのころぐさ,1615
むてき,1611
にせる,1606
バレん,1604
あきなう,1603
みまう,1600
そんする,1598
ぶりょう,1598
ためん,1595
かかずらう,1591
どやす,1591
とりつぎ,1588
せびろ,1587
あまやかす,1585
もれん,1584
とうとぶ,1582
さきおととい,1581
さっする,1575
ひょっくり,1575
おおよう,1574
ぎざ,1574
けんつく,1573
ぱんっ,1573
あらえる,1571
ぱしり,1569
きっする,1568
ほごす,1568
よわき,1566
しっそ,1565
ぬげる,1565
はこべる,1559
あきない,1558
じゅくし,1558
せしめん,1558
むろあじ,1556
しゃくれる,1555
つづれる,1555
ざっく,1554
なえん,1554
はぐくめる,1554
ふくらし,1554
つぎこみ,1553
のこん,1553
うらがえす,1549
めっかち,1549
ぴたぴた,1548
くださん,1547
ぐぐぐぐ,1544
のめのめ,1541
おちゃっぴい,1540
ねとっ,1540
かぎん,1539
しょぼつく,1539
たでる,1539
おもえん,1537
たえん,1537
しらばくれる,1535
こころえる,1534
びたる,1534
とばくち,1531
せっぷく,1530
ほころばす,1530
ねがえる,1527
せかせる,1522
じいんと,1521
はだかる,1520
デモる,1520
たわめる,1519
だいする,1519
じらせる,1518
なまじい,1514
しゃする,1513
ぱった,1513
かつげる,1512
そうじて,1510
めがける,1506
すぼむ,1505
よがん,1503
まねん,1502
じゅすい,1501
ぷつ,1501
べいごま,1498
そしん,1496
どもん,1495
ぬかずく,1494
いきどおる,1493
あやぶむ,1492
よそえる,1492
にぎやかす,1491
しっけい,1490
こぞる,1487
とおれる,1487
ささがに,1486
ゆるまる,1485
ほじん,1484
つうちょう,1481
あからめる,1480
すがめる,1480
くつがえせる,1479
なみうつ,1479
くらわせる,1477
がぶる,1476
がんらい,1476
ぴくっ,1476
ぐんにゃり,1473
ぬりつぶし,1471
にわとこ,1470
おくする,1469
ぎゅうにく,1469
こりる,1468
しのばす,1468
ねぎる,1468
あやまれる,1466
さわがす,1466
そそん,1466
ぎきょう,1465
こだわん,1465
ぷるぷるぷる,1461
むくう,1460
むたい,1460
しぐれる,1458
いきれ,1457
びたき,1455
こまぬく,1454
だんつう,1454
まびく,1453
おもる,1452
びさし,1450
ささん,1449
うべなう,1446
ひねれる,1445
なざす,1444
ハヤる,1444
いらせられる,1443
そげる,1443
とんちゃく,1443
みしっ,1440
おちぶれる,1439
せまれる,1439
ぱろぱろ,1439
ぱき,1435
こんとう,1434
いやせる,1433
ぎろぎろ,1431
こうずる,1431
やすみやすみ,1430
ハサむ,1430
ほっする,1428
こしかける,1427
しょする,1426
ぎね,1424
ゆけん,1424
つぼめる,1422
しばん,1421
せんじる,1420
ふるえん,1420
わりかた,1419
そねむ,1415
ぺこっ,1415
こうまい,1414
なびかす,1412
からっけつ,1409
きどん,1406
かけくらべ,1404
うっせき,1399
しいたげる,1399
つけつけ,1399
あかぬける,1398
おしやれ,1395
ちょぼくれ,1393
ぐじぐじ,1392
さわす,1391
はぜん,1390
よづく,1390
めんくらう,1388
れいする,1387
うれえる,1385
にらみあい,1385
くかたち,1384
けざやか,1383
しわぶき,1383
つうつう,1382
はくらく,1382
ころせる,1380
あいせん,1379
しいれる,1378
しばたたく,1378
つかまん,1378
ぐっさり,1377
ぐにゅ,1376
みずくさ,1374
たれん,1372
ぺろっ,1372
ずべら,1370
やまかがし,1366
したがえる,1365
たずさえる,1361
ぷぴ,1359
しょうずる,1357
にゅうせん,1357
やぶん,1354
ただよわす,1353
つどえる,1353
ふるとり,1351
おとなう,1349
ぶっこぬく,1349
ちょうする,1348
あまんじる,1347
こけむす,1346
しくむ,1345
こんじん,1344
うまごやし,1343
いさよう,1342
がざみ,1342
いろあせる,1338
ぬがす,1338
うらづける,1337
ぐにゃり,1336
たぐう,1336
ねづく,1334
すくよか,1332
かくばん,1331
きょうごう,1331
ぬくめる,1331
ただせる,1329
すだつ,1327
ふくせん,1327
いじくん,1326
てっする,1325
こんりんざい,1324
ぬらりくらり,1324
くもらす,1323
おくらす,1321
くすべる,1321
おおえる,1318
ごたつく,1317
おもんじる,1316
こどな,1316
きょうまん,1315
ひんす,1315
きこす,1312
ことづける,1305
よわめる,1305
しょくする,1302
しゃくぶく,1299
へんじん,1299
びじゅ,1298
かくばる,1297
ついたけ,1296
にせん,1294
ろんじる,1292
ぐろい,1291
はじまん,1291
ぴぽ,1291
ぜっする,1290
うごめかす,1285
うつむける,1284
ぐにぐに,1284
とおざける,1282
しわる,1281
ふうじる,1281
ぶらさがれる,1279
ごてる,1276
ぴっちぴち,1276
てきぎ,1274
くずせる,1272
ぴょい,1271
とこしなえ,1270
しゃだつ,1269
たんずる,1268
へどもど,1268
せぎる,1266
みのん,1265
ころばす,1264
とおのく,1264
おさまん,1261
つねん,1259
どよむ,1259
ねがえり,1259
ムシる,1257
るいする,1256
つくれん,1253
てばなす,1252
かずける,1251
たずき,1251
こねん,1250
ていきゅう,1250
はえん,1249
ぱいずり,1249
ぐにょ,1246
ざんこく,1246
せんぬき,1245
そらとぼける,1245
たいらぐ,1244
ねじん,1242
へだたる,1241
どんらん,1240
へんする,1240
はねん,1239
ぴょこん,1238
ません,1238
つつめる,1236
こわせる,1234
ひびかす,1234
ごうする,1233
とじん,1233
せせらわらう,1231
みつもる,1231
うすらぐ,1230
しんどろーむ,1230
そくす,1230
むぐむぐ,1230
ざつだん,1229
つうずる,1229
ぷろふいる,1229
なみする,1228
こときれる,1227
しがみつける,1227
いわえん,1226
さっきゅう,1226
づまる,1225
ねめる,1225
ぐんっと,1222
じとく,1222
づたい,1222
しわがれる,1221
へしゃげる,1217
ものしずか,1217
きこえん,1213
あわだてる,1208
モノまね,1208
きつりつ,1204
すけべい,1204
さっとう,1203
うらがえる,1201
おっことす,1201
かれつ,1199
ばっすい,1199
したたらす,1198
ぷいっ,1198
ほそめる,1198
やくだてる,1196
くろずむ,1194
としよる,1194
うとむ,1192
こぎる,1191
かわせん,1190
ごろつく,1190
そびやかす,1189
すわれる,1187
ずきんずきん,1186
むちうつ,1186
われん,1186
ねじくれる,1184
よわまる,1184
あからむ,1182
ひっくりかえせる,1182
れんぱつ,1182
とおざかる,1181
りゃくする,1180
すなどる,1178
ねんずる,1178
おびん,1177
ぐさっ,1174
めんじる,1174
ざっこ,1172
しるせる,1172
しりすぼみ,1170
よいよい,1170
ビビん,1170
だっする,1169
シャレん,1169
けずれる,1168
いせる,1167
ゆずれる,1167
さげん,1166
くだかけ,1165
せいだす,1164
そこばく,1164
せびれ,1163
ネグる,1163
とりガラ,1162
ぺろん,1162
まかせん,1161
まがれる,1161
うつぶせる,1160
ごうがん,1159
がさつく,1156
ぴかっ,1156
もんぜつ,1156
どよもす,1153
おっしゃれる,1152
ざんごう,1152
すなどり,1152
ぎれい,1149
しのべる,1147
ひねくる,1147
ゆらせる,1146
きづかう,1145
びゃくしん,1145
くしけずる,1144
ていりつ,1143
よたん,1143
みまかる,1141
いきばる,1139
くろめる,1139
じゃくする,1133
ひんまげる,1133
みゃくうつ,1133
よくばる,1133
さんずる,1128
ならわす,1127
はやらす,1127
ぱれる,1127
いやしめる,1126
えどる,1126
あきらめん,1124
ちぢれる,1124
どうじる,1122
ほうずる,1122
むっくと,1122
さとれる,1121
やなぐい,1121
てなずける,1120
わるびれる,1120
べんじる,1119
いっする,1118
おじける,1118
かがやかす,1113
めぶく,1113
がたぴし,1112
せりあい,1112
ひよめき,1112
ほそる,1112
うまずめ,1110
そばめる,1110
ひそまる,1108
やとな,1108
あてん,1107
ぐらっ,1103
えがける,1102
はなれん,1102
ずるける,1098
つぐなえる,1097
まもん,1097
ぎゅうじる,1096
ごうふく,1096
そうにょう,1096
はばひろ,1095
あざなう,1094
おうじる,1093
ちまよう,1093
ひらめかす,1093
しこめる,1091
ぐりはま,1090
ぱいぷ,1090
ぎんじる,1089
くどける,1089
うすまる,1084
ぴゅんぴゅん,1082
みだせる,1081
むらだつ,1080
たがやせる,1079
ぱしゅ,1079
みがまえる,1078
いざる,1077
ぱぱん,1077
なつける,1076
はぐらかせる,1076
ぶばる,1076
しゃべれん,1075
あおげる,1074
ぱちっ,1073
ちょうずる,1070
でどこ,1070
にこぽん,1070
ふくめん,1070
あけん,1067
しんずる,1067
あらだつ,1066
みがる,1065
そぼつ,1064
ぬくまる,1064
さぐん,1063
せせくる,1063
もくする,1062
やどれる,1062
かたらう,1061
ぞくす,1061
つくねる,1061
さかだてる,1060
がかん,1058
ぴらぴら,1058
ぎろ,1057
くばれる,1057
きずける,1056
つづれさせ,1056
どんする,1056
めしあがれる,1056
しゅくす,1054
こんぐらかる,1052
こごる,1051
にんじる,1050
ゆびく,1050
になえる,1049
ぱおぱお,1049
ひんまがる,1048
つくばう,1047
うわる,1046
さがん,1046
はなじろむ,1046
めいじる,1046
りっしん,1046
くちごもる,1045
ぺっぺ,1043
ぬすめる,1042
にいにいぜみ,1041
もがける,1041
ふるびる,1040
ほうじる,1040
わかがえる,1039
ほつす,1038
さわげる,1037
じょうじる,1036
ゆわえる,1036
うすずく,1032
ぷつん,1031
ごしゃごしゃ,1030
すごもる,1029
ぺしゃん,1027
すじる,1026
とつおいつ,1026
べんする,1026
ほける,1026
ちからづける,1025
やくせる,1025
ぺちゃぺちゃ,1024
どうずる,1023
ウケん,1022
おとなしやか,1021
さとせる,1020
すすける,1020
ほっぽる,1020
うやまえる,1019
てらせる,1019
がな,1018
さませる,1018
しはらえる,1018
すだこ,1017
とかせる,1017
うたがえる,1016
うっすり,1016
そまん,1016
つまだてる,1016
ころがれる,1015
いやまさる,1012
せまん,1012
ぴしっ,1012
ころがせる,1011
ぎゅぎゅ,1010
つづまる,1010
ひびわれる,1010
げすばる,1009
しわむ,1009
ひにくる,1009
きょうずる,1008
ますこみ,1008
おひゃらかす,1006
かんづく,1006
いつぶす,1005
ほっぽらかす,1005
ももんじい,1005
さきがける,1004
ねぶか,1004
そよがす,1003
ぱたっ,1001
まいれる,1001
かたまん,1000