サイト,47994064
コメント,33167264
リンク,18656180
トップ,18069205
ホテル,14840688
ポイント,14065779
ネット,13696028
イベント,13560761
システム,13019792
クリック,12930359
バス,12350526
マンション,12281472
バック,12190509
チェック,11374778
テレビ,11255829
トラック,11011613
アクセス,9400175
セット,9352823
エリア,9177285
ログイン,9166432
デザイン,8803938
ファン,8716160
ランキング,8641674
スタッフ,8501087
アップ,8468242
タイプ,8448474
レベル,8244552
プラン,8006174
ガイド,8004996
ネタ,7889547
ショップ,7871738
プロ,7686259
ビジネス,7592898
サイズ,7488453
パソコン,7109424
プレゼント,6956236
アニメ,6747097
キャラ,6746743
ソフト,6348803
レストラン,6245880
ドラマ,6223829
ダメ,6179230
ボタン,6087417
ゲスト,6054929
タイトル,6022587
カメラ,5986713
グルメ,5966779
レス,5747039
クラブ,5691199
モデル,5602202
カテゴリ,5593983
ライブ,5540365
パン,5403380
ファイル,5345648
バイト,5331570
スポット,5291469
ジャンル,5264461
ペット,5195392
メイン,5049898
ブック,4992970
モノ,4922100
アルバイト,4869993
ママ,4841519
ダイエット,4744929
バイク,4694284
ログ,4680590
コンテンツ,4677644
ゴルフ,4643428
クラス,4639428
バカ,4535904
イン,4500834
マン,4498214
オリジナル,4408477
プログラム,4354392
スタイル,4314165
トイレ,4274927
ホント,4246715
オススメ,4205937
アイテム,4163214
ガス,4125777
オレ,4106670
ブランド,4035582
ビデオ,3952166
ライン,3915554
バランス,3884744
ビル,3839537
テスト,3820163
クリニック,3796141
アルバム,3775128
ショッピング,3760530
メディア,3702597
キロ,3679526
ワイン,3664359
ベスト,3562834
タグ,3557451
ダム,3519433
プロジェクト,3516148
デジタル,3477274
グッズ,3424535
オンライン,3381610
ガン,3351069
レシピ,3328878
ラジオ,3320718
ガラス,3313143
ドル,3252055
ヘルプ,3230516
レンタル,3230450
カフェ,3229790
エンジン,3208125
ケア,3150786
ゴミ,3146389
マジ,3119923
コンビニ,3105503
ハウス,3061119
トラブル,3058028
チャンス,3045753
チケット,3041760
イラスト,3007931
ファッション,2989486
バンド,2975693
ヒット,2963458
カット,2948520
タイム,2923974
ライフ,2905775
ランチ,2888394
リスク,2875190
ドア,2860648
ロック,2823589
ピアノ,2817764
クリスマス,2814496
アドバイス,2797534
コスト,2797517
アドレス,2775961
ボランティア,2755591
ストレス,2746092
エコ,2744669
ワン,2738828
ジャンプ,2692560
ミニ,2688732
ミス,2617938
クリア,2611633
マガジン,2592084
コミュニティ,2575985
マスコミ,2549348
スキル,2488357
テキスト,2485918
プラス,2433520
ゼロ,2427360
モバイル,2382441
チラシ,2369611
タイミング,2369441
ライト,2368958
ドライブ,2365787
ベッド,2358113
コラム,2357233
オフィス,2343862
シンプル,2342354
キッチン,2341881
イイ,2335257
マンガ,2314994
タウン,2307304
メモ,2302761
バラ,2295168
パック,2277318
サイド,2269579
パパ,2267042
ギフト,2258572
キレイ,2253181
ランク,2217334
ピンク,2213076
インテリア,2207561
プラント,2180290
ブロック,2157609
サロン,2149854
レッスン,2149554
キャリア,2146145
アイドル,2105951
ボク,2103270
キャンセル,2091251
リング,2087035
バッグ,2051142
パス,2046742
ダンス,2033444
オプション,2000324
ピン,1990859
セキュリティ,1987387
トマト,1952380
コミック,1951664
センチ,1950113
サイン,1942345
ショック,1941983
カップ,1938495
ハイ,1915636
リサイクル,1902910
フル,1902545
インフルエンザ,1902224
チャレンジ,1883344
アホ,1876280
メリット,1871334
マイナス,1843643
トンネル,1831583
サンプル,1820324
ウチ,1800163
ビックリ,1788411
カタログ,1787659
シングル,1784971
ボックス,1777932
オイル,1750433
タレント,1747723
マニュアル,1743348
ブラック,1733110
イカ,1729416
イオン,1719429
チョコ,1718922
ポスト,1712965
スタジオ,1708747
ロボット,1698454
テロ,1692837
カラオケ,1690569
スペシャル,1685347
サラダ,1653350
タイヤ,1649970
マウス,1637939
テニス,1637353
フォト,1634853
コレクション,1626954
スト,1623754
レンズ,1620417
スキップ,1618396
メイド,1609770
オレンジ,1601806
アウト,1598363
ラスト,1586025
ヒト,1577397
ビタミン,1573786
ダウン,1569665
ソフトウェア,1564574
イヤ,1564065
リズム,1545370
ヒント,1541317
プリント,1540813
マシン,1536138
プレス,1535495
ユニット,1535415
パネル,1535155
エステ,1533463
オリンピック,1532346
トロ,1530255
ウイルス,1530005
タバコ,1528415
センス,1526120
タオル,1514815
アクション,1508958
マス,1501296
イエス,1496130
ワタ,1488904
ステップ,1480339
メンテナンス,1469039
ノウハウ,1468436
ソロ,1468079
ボディ,1464371
シナリオ,1461643
パンツ,1458282
フロント,1457684
パチンコ,1454081
キス,1451154
ヘッド,1446849
ガイドライン,1445466
ポケット,1443377
マッチ,1441682
カッコ,1437406
ホルモン,1433459
ボス,1423412
ホワイト,1420340
ネコ,1412299
プロセス,1411372
チャンネル,1402656
ゴム,1398178
サブ,1383178
アイデア,1380363
テンション,1365885
ラン,1357046
クラシック,1355240
ダブル,1352304
フィルム,1342144
クロ,1341832
クロス,1340552
リクエスト,1330110
カップル,1330038
ランド,1323998
セリフ,1311486
ボケ,1310450
デモ,1301490
ドラゴン,1295955
エアコン,1290860
フェア,1283707
アイス,1278359
メガネ,1277099
クルマ,1276817
スイッチ,1269213
アレンジ,1269073
パスタ,1269030
トラベル,1265881
メイク,1265785
コンセプト,1250724
アナ,1240983
クイズ,1239753
ドリンク,1239324
アウトドア,1231273
ドキドキ,1229520
コマ,1215418
キャスト,1215272
デッキ,1215027
ピッタリ,1204749
キャンパス,1202130
マスク,1201985
ラップ,1199956
マラソン,1194392
イチ,1191806
ミルク,1174444
スタンド,1165660
ペン,1165096
レイ,1161637
ドレス,1148474
クリップ,1147509
ハンドル,1145948
テント,1135850
テクニック,1134998
ドット,1130074
ジャズ,1128760
バトル,1126754
リアルタイム,1117734
ヒロイン,1113797
ロング,1111858
ニコニコ,1109171
コンテスト,1105985
デスク,1102087
プラザ,1099912
フィギュア,1098577
シンポジウム,1096619
アンテナ,1095964
グラス,1095898
グランド,1095707
ジャケット,1092874
ノリ,1090499
バイオ,1090326
レンジ,1089012
コンビ,1084629
レッド,1083895
エビ,1080163
タンク,1078287
ベルト,1076215
カン,1071170
トピック,1070404
キット,1069516
リラックス,1061003
ガソリン,1060482
チャット,1058925
シャツ,1058558
アカウント,1057696
リビング,1056310
ウィンドウ,1047361
コメ,1041185
ポジション,1040184
オヤジ,1039204
ステキ,1033793
メモリ,1029046
ガキ,1028554
フライ,1027390
ディスク,1025226
マニア,1022663
ライセンス,1021687
バックアップ,1020247
ツボ,1018532
グラフ,1017705
ベル,1017588
トラ,1015050
ミサイル,1011790
アマゾン,1009359
コンパクト,1008575
マルチ,1008326
ベンチ,1006103
クリ,1004804
ラブ,993862
サウンド,988581
マネジメント,987795
マット,984031
ダイビング,981035
ナイト,979661
ショット,979387
シティ,976368
ネギ,974511
スッキリ,973083
ライバル,971814
プラスチック,971503
ロゴ,970221
アルミ,968778
ヘア,967347
コン,966655
アンチ,965265
バブル,961060
セル,959311
マイク,957416
ミネラル,956317
パンフレット,956153
ミリ,950172
ウソ,949588
チップ,949573
シフト,946354
ジャ,943960
レジ,939401
クマ,935512
ロケ,923368
コンサルタント,921510
サクラ,918898
ホッ,918723
ピックアップ,916770
オタク,915736
ペア,911401
ホット,903225
インパクト,902866
カニ,901733
キャッシュ,901353
ギリギリ,901348
バナナ,897430
プロレス,896045
ブラ,891330
ランプ,888989
エッセイ,885955
キャベツ,884535
ハンド,883968
ビッグ,883235
ワクワク,882804
ピザ,879896
プレミアム,876937
ハム,876356
プリン,874496
マル,865945
ギャグ,864789
コア,860255
スコア,859454
シミ,857444
ナイフ,856941
パイプ,856493
テン,854731
マジック,854148
シェア,853219
イマイチ,852555
ワクチン,850481
インデックス,841406
エサ,839345
セッション,838592
オシャレ,831278
リボン,829747
ジム,826679
ランダム,825843
プラグ,820617
オペラ,819822
ストップ,819597
ソング,819417
パンチ,819158
ストア,818398
レモン,818124
レポ,816358
エンジニア,810514
コンサルティング,810452
アナログ,807363
ディスプレイ,805718
イライラ,805340
ペンション,803651
ゼミ,802355
トピックス,799122
キミ,798905
ビジョン,796665
モダン,795603
エキス,793104
コイン,792132
カウンセリング,784570
ベテラン,783237
ドメイン,782870
サル,782030
キャッチ,780529
ナチュラル,778082
キムチ,774883
ファンド,771953
タダ,767596
フロア,766376
バンク,765731
パチ,765287
エア,765267
コマンド,765186
セカンド,763135
テラス,763020
ラウンド,760619
ミッション,760215
シェフ,759201
バグ,759095
サイクル,758220
スタジアム,753334
ダイヤ,752644
ポンプ,750228
タコ,746839
ジュニア,744663
ベランダ,740789
ヘタ,740683
パイ,739565
バン,737573
チキン,736712
ジェット,734879
メス,733544
ドライ,728990
マイクロ,726876
ライフスタイル,724845
バイキング,723894
ホスト,723111
キャップ,722874
トレンド,721984
ハイキング,721882
ダイニング,720701
カラ,719706
キック,716996
ボトル,716215
リンゴ,715202
フラッシュ,714419
ドラム,712327
トライ,709297
スカ,707498
カッコイイ,707484
ウェア,706841
パッ,705873
チャンピオン,704477
アド,702235
デカ,700051
マグロ,699872
シンボル,699804
フェスティバル,693152
リハビリ,691759
カビ,688617
メロン,685788
ハッキリ,684328
ジャム,683528
タレ,683273
ジャック,683151
ロケット,681745
スタンプ,681053
イルカ,680699
スキン,677263
クエスト,676610
マイル,675608
クセ,671388
セレクト,669361
イス,669118
ワシ,666645
オイラ,666371
コク,665878
スカイ,665464
カウント,665199
キラキラ,665071
ラッシュ,662865
エンディング,662496
ストック,662167
アジ,661919
オス,660893
テンポ,660054
カルシウム,659197
レイアウト,659068
インチ,658671
クレジット,657506
リフト,657244
カエル,656604
ナイス,655883
ナシ,654812
パッド,654731
ハゲ,654350
プライド,651972
タイル,651532
ウェイ,651367
ズボン,649891
ハズ,649356
サイ,649181
カタカナ,647762
イレブン,646464
チョット,644276
ツイン,644073
フリ,643757
ドラッグ,642977
アク,642852
イチゴ,641051
イタリアン,638917
ライヴ,636999
ロマン,635670
メン,634971
ステンレス,634537
パノラマ,634221
バレエ,633065
カメラマン,632747
リス,632398
カナ,630648
ヘルスケア,630252
ウィルス,628096
ダイヤモンド,626583
フレンチ,625946
ワイド,625908
パイロット,625003
リセット,624875
リフレッシュ,623270
ネジ,622486
キノコ,621607
バトン,621507
ダッシュ,619576
ノイズ,618965
ラインナップ,616464
メカニズム,615096
カンタン,614811
ヨガ,613893
ウサギ,613671
カネ,611278
ポップ,609372
ガイドブック,609164
ペットボトル,607786
ビット,604925
スパイ,600835
インフラ,599672
フィット,599267
ブライダル,598892
ズレ,596525
デバイス,594621
ヘリ,594259
シニア,594037
フラット,593020
スクリプト,590445
ヤクザ,589682
リットル,587214
ボルト,587207
カギ,586022
グラウンド,585296
コンタクト,582338
クシ,581654
ガンガン,581135
マクロ,580825
ケガ,579710
インク,578751
ピンチ,578149
バラバラ,577337
ケイ,577172
クズ,569161
フォン,568168
バイパス,564884
カラス,564143
フラ,564057
タカ,563667
エントリ,562255
インライン,560790
フォント,560635
ネズミ,560518
トランス,560421
ドロップ,560225
パンダ,559278
フェイス,559067
ギャップ,558920
ミックス,558898
バッチリ,557748
ハガキ,557349
アメ,555701
オブジェクト,553900
メタル,552300
ヘン,551253
パニック,551246
ボクシング,550869
ブリ,550405
ブラシ,549530
ポリ,546229
バット,546213
ストレッチ,544854
カプセル,543055
クラフト,542035
ラス,540860
クス,540368
ブレンド,540335
アクセント,538815
タブ,538279
ポット,537444
カジュアル,536854
クッション,536620
ライ,536204
エンド,535465
クイック,535401
サミット,533383
ナイ,533052
ナス,532897
アンプ,531547
ピアス,531028
グラビア,528432
ケンカ,527924
ナノ,527359
フライパン,526953
ボロボロ,526347
デブ,523483
カクテル,522905
オン,522364
アタック,522300
ギルド,521368
アマチュア,520994
ラム,520717
ブックス,519160
メロディ,518411
ベタ,513485
スイカ,512109
グラフィック,511400
リストラ,508967
テンプ,508245
セミ,507817
セルフ,506892
サウナ,503342
チェックイン,502672
コップ,502138
ウエスト,501495
カリキュラム,500985
キャプテン,500247
メガ,500152
アイディア,499920
ピッチ,499296
スタンス,498587
カイ,498231
ランニング,497783
スカウト,497571
ブリッジ,497387
チェンジ,496519
カスタマイズ,495244
ボイス,495012
メダル,494115
メタ,493919
リンパ,492230
ゲレンデ,492060
グランプリ,492050
スマイル,491326
ホタル,488644
ヤマ,488364
カリスマ,487923
キズ,485500
オッサン,485179
コンディション,484801
ライス,484607
ムダ,484398
アマ,483982
フレッシュ,483890
アダルト,480823
メンズ,477881
ファ,477238
コウ,475454
ゴメン,475284
アナウンス,473771
ロッド,473317
フライト,472897
アメリカン,471602
パズル,471409
モモ,470878
シルク,470709
ワラ,470357
カキ,469792
ベット,468459
コスモス,468215
ラック,467707
パッチ,467262
ワゴン,466501
ビザ,466341
マニフェスト,465591
アパレル,464031
フック,463587
カルト,463524
カラフル,463102
アルファベット,462297
サラ,461304
エイ,461021
ウド,460069
サバ,459950
スロット,459336
ドキュメント,458606
ブス,458168
ソファ,457158
ウマ,456959
カスタム,456158
ダンナ,456047
クリスタル,454641
ニンニク,454009
ヒマ,453570
スパイス,452735
ニキビ,452183
ウルトラ,450092
プログラミング,448271
アトリエ,447946
ヒゲ,446860
コンテナ,446473
アップル,446100
ロク,444942
プリンタ,443290
クビ,442881
ゴロ,440099
アクセル,439801
ファイナル,439687
ブナ,438839
ハリ,437738
ハイブリッド,437102
シルエット,436945
ブタ,436815
スティック,436761
ラウンジ,436532
バリバリ,435986
ネクタイ,435533
ウリ,434671
プライス,434194
モチ,432615
ライトアップ,432082
バスト,432044
プロフェッショナル,431462
ツン,430891
スリム,430783
デフォルト,430034
アカ,429988
ホモ,429184
ウエディング,428950
ジャガイモ,428768
オシ,427825
デメリット,426093
ウェディング,425865
ゾロ,425618
ドリル,424786
トランク,424059
メトロ,423610
コロッケ,423475
ティッシュ,423088
ガム,422702
バル,422682
ラボ,422357
モラル,421281
ペンギン,420962
リモコン,418875
ネックレス,418711
ゲル,417520
ツル,417515
プラチナ,416964
ヘルメット,414623
シワ,414546
スポンジ,414281
ダニ,414048
ギャル,414015
サビ,412909
ゴキブリ,412878
シネマ,412530
パンク,412318
メッシュ,411924
スイング,411777
ハチ,411073
ヤシ,409485
セッティング,409283
レンガ,408831
ヴァイオリン,408673
フラグ,407860
ベイ,407332
スナック,405136
フィルタ,405034
シロ,404977
プレミア,404829
ドック,403767
スケッチ,403333
ゴロゴロ,402002
ウナギ,401640
ギャンブル,401592
バスケット,400973
カバン,400533
サングラス,398883
メシ,398569
インフレ,397196
キャンドル,395984
ブドウ,395049
アナリスト,395012
グッ,394909
ハッ,394715
ミシン,393849
ネック,392256
ピット,391713
クッキング,391684
リップ,391586
カブ,391391
メカ,390854
マメ,389786
バタバタ,389564
クリエイティブ,387912
シカ,387375
グリップ,386037
ビラ,385270
エプロン,383894
シリコン,383251
ビジュアル,382909
コント,382506
ウインドウ,382030
ゲイ,381949
バイ,381792
ケチ,381543
カモ,380930
マニアック,379043
カオス,377892
トリック,377809
トラウマ,377652
テナント,376797
コンプレックス,376397
エイズ,375544
アイツ,374926
コンボ,374371
バルブ,374347
デフレ,374052
アンパン,373607
ハズレ,373170
ヤング,372237
ディレクトリ,371848
フタ,369703
アシスタント,369690
シャトル,368970
サイクリング,368180
ミドル,367943
キャラメル,367158
ダイジェスト,366876
バスケ,366206
プレゼン,365760
サンダル,365591
スライス,365236
ツツジ,364899
トッピング,364753
ビス,364306
エクスプレス,364187
チタン,363817
コンペ,363101
ハンカチ,362882
セクハラ,362754
ダラダラ,362667
サクサク,362512
マインド,362117
コケ,361955
ダイレクト,361291
ニュアンス,361074
ポルノ,360648
ロット,359721
グッド,358933
ニヤニヤ,358052
ダイナミック,357724
ロイヤル,357640
ソナタ,357431
ミント,357424
ポテト,357304
トライアル,356129
エッセンス,355469
ファイト,355135
タックル,354989
コメディ,354806
ピアニスト,354015
アブストラクト,353608
メソッド,353432
ディスカッション,353031
プラズマ,352267
ミル,352252
ドレッシング,350037
バケツ,348633
モニタ,348485
ダシ,348082
アクリル,347977
ダイヤル,346583
ユリ,345938
トップクラス,344854
ウニ,344158
サヨナラ,343424
ニット,343351
コントラスト,343204
ウケ,343005
クライマックス,342187
ドラフト,341760
ノベル,341228
リウマチ,340815
スキャン,340546
アルゴリズム,340407
ショウ,339785
クジラ,338233
ヒップ,335886
ビジネスマン,335279
レタス,335021
パワフル,334310
ヘアサロン,334208
スタミナ,332648
チャイナ,331579
フッ,330586
ハイテク,329850
メディカル,329567
フェンス,329087
ベン,328414
ゲリラ,328004
ベクトル,326967
テロリスト,326557
オアシス,326536
ハブ,325752
グロ,325291
フレンド,325090
スギ,324195
マッチング,324113
アングル,323409
レベルアップ,323252
ワックス,322870
アンサンブル,322655
ペイント,322600
アジサイ,320266
ネガティブ,320058
ヨット,319798
ナトリウム,319678
ヨロシク,319187
コットン,318885
マキ,318731
メッキ,318544
シンクロ,318319
シマ,317642
エレクトロニクス,317579
ログアウト,317254
サムライ,317211
バネ,316478
サンドイッチ,315778
エリ,315422
セメント,314628
フィクション,314579
レフ,313875
サンゴ,313391
キュウリ,312697
ジャングル,311245
タネ,311080
トラップ,310806
モノクロ,310645
パンフ,310196
テクノ,308903
トリオ,307790
ダル,307667
ノック,307212
ステロイド,306875
トレッキング,306852
カッ,306508
コイル,304999
カラメル,304726
コツコツ,304514
ガソリンスタンド,304158
ポジティブ,303718
エッジ,303551
スリ,302812
プリンセス,302669
ピラミッド,301761
オウム,301697
スリップ,301441
アトラクション,301395
バク,300885
イヌ,300507
ウラン,299792
カウントダウン,299738
シャフト,299654
スピン,299561
オフィシャル,299303
ポンド,299042
ファンクラブ,298862
ヒル,298121
レントゲン,297825
ヘルニア,297361
レディ,297263
カルテ,296323
ペダル,295954
イザ,295826
シグナル,295738
サントラ,295379
セレクション,295367
シェル,294927
サスペンス,294798
ペンダント,294106
チェア,293841
チック,292524
ゾウ,291943
カツオ,291677
リュウ,291443
パケット,290693
シリアス,290559
インスタント,290350
ズバリ,290340
コンセント,290106
プロダクション,289446
カジノ,289396
アイロン,289159
スグ,289098
アッ,288718
コネ,288388
ババ,287900
アルカリ,287850
バニラ,287551
ツキ,287357
コロコロ,286859
キッ,286721
パラダイス,286360
マスコット,285133
グリル,284827
オブジェ,283607
ライブラリ,283228
セクション,282717
ダウ,282133
スプリング,280921
ホタテ,280467
ストライク,280270
パジャマ,279784
ガラガラ,279607
タッグ,279539
アスファルト,277965
ステレオ,277906
ウロウロ,277658
カボチャ,277564
スタメン,277060
バイオリン,276810
パット,276581
サックス,276410
ハイビジョン,276194
パブリック,276092
ガッカリ,275798
ピント,275793
ワンポイント,275658
スタイリスト,275218
ノブ,274458
アイアン,274311
ココア,274246
ウン,273941
フグ,273871
ミカン,273159
ディフェンス,272747
コンタクトレンズ,272564
ボウル,272542
プリンス,272451
クラッチ,271850
タスク,271217
ラフ,270788
マウント,270713
コック,270662
ゲン,268859
コイ,268728
リュック,267593
リトル,267409
トキ,267171
セラミック,266857
ヒナ,266656
メバル,266185
ネイティブ,266151
ネオ,265688
タフ,265550
チェロ,264919
ジョギング,264405
ハロ,263918
イキイキ,263066
スナップ,262700
ジャンク,262383
セント,261482
イブ,261338
ヘビ,261065
モス,260802
ナイロン,260780
テクニカル,260577
ヘル,260403
ニンジン,260350
ハス,259913
フカ,259902
コブ,259403
シック,259308
ペニス,258647
ロマンス,258417
スペシャリスト,258179
ヒレ,257695
ミサ,257123
ハングル,256884
カム,256646
パレス,256459
インチキ,256382
トリプル,256336
カリ,255552
トウモロコシ,254947
ポリス,254878
ナショナル,254703
リアクション,254574
カッパ,254545
ウエア,254524
シャンパン,254467
プッシュ,254211
エレガント,254209
ジョイント,253635
パレット,253550
アユ,252842
キチン,252286
テキ,252217
メモリアル,251980
トス,251973
チヌ,251898
ハプニング,251195
ポリエステル,249962
フェ,249531
ドラッグストア,249129
アスベスト,249045
オムツ,248748
サッシ,248635
パルス,248454
ザック,248100
ハウジング,247649
ラブラブ,247621
ハサミ,247342
クロック,247247
ジンギスカン,247123
ビキニ,246780
ピストン,246359
ピュア,245807
デニム,245644
バンバン,245299
キャスティング,244737
ミラクル,244628
ダイオキシン,243975
スリッパ,243436
リニア,243352
マルチメディア,242705
ワンマン,242158
ハト,242091
フラン,241718
フォルム,241696
ライブハウス,241608
マント,241060
エゴ,240781
アルミニウム,240639
モザイク,240613
ワイワイ,239869
オゾン,239598
ファミコン,239433
リアリティ,239002
コトバ,238766
エラ,238512
ホコリ,238255
シャン,238136
タマネギ,237998
ファックス,237914
ブレスレット,237898
ヤギ,237806
ソックス,237586
メダカ,237317
ソバ,237247
シリアル,237011
カマ,236171
ヒアリング,235623
スカイライン,235448
レフト,235319
マスメディア,235114
マダム,235011
ラテン,234609
ポップス,234457
バッファ,234376
セントラル,234330
アスパラ,234248
プライム,233929
スパイク,232974
レスポンス,232512
タップ,232224
カップリング,232075
クリスチャン,231772
コンロ,231602
オムライス,231539
ヒラメ,231166
キツネ,231158
カセット,231141
バッティング,230973
ピカピカ,230735
ムチ,230567
マツ,230312
ルックス,230312
パブ,230298
タンス,230177
ダントツ,229886
ホップ,229550
ハロウィン,229315
ゴリラ,229299
アジアン,228147
ナット,228103
ファイナンス,227867
ギタリスト,227860
ハイライト,227851
ツバメ,227687
ノルマ,227448
プランニング,227321
ジャイアンツ,227318
エイト,227120
ソル,226969
アテ,226209
サメ,225998
アタマ,225830
バッチ,225808
モデム,225769
バタ,225755
メンタル,224962
ナマ,224617
シフォン,224419
スキャンダル,224408
ドタバタ,224368
アイデンティティ,224128
アリア,224128
ライフル,224069
ブランク,223918
ハチミツ,223316
ハラハラ,223096
クラッシュ,223012
カレッジ,222499
ドリブル,221983
ニラ,221598
オンエア,221445
サンマ,220683
イモ,220494
テラ,220398
ナギ,220257
ノミ,219999
ヘアスタイル,219895
パラパラ,219829
スジ,219379
モニタリング,219352
ミクロ,218808
ユニオン,218679
エメラルド,218590
パフェ,218179
サラサラ,217703
ノンフィクション,217640
ボンド,217172
ウレタン,216998
ボラ,216907
サケ,216628
フロンティア,216529
クモ,216432
チョウ,216267
カレイ,215874
イノシシ,215837
サツマイモ,215683
ワイルド,215605
オオカミ,215474
サバイバル,215111
コタツ,214795
ログハウス,214504
カバ,214249
トランプ,214117
ネル,213840
タイツ,213831
メンツ,213554
トリミング,213526
エキサイト,213417
グルグル,213409
イワシ,213248
ラケット,213203
ワルツ,213033
コル,212182
ベア,212033
マグネシウム,211942
デッド,211737
スパイラル,211594
フィニッシュ,211359
ガタガタ,210817
ボウリング,210718
エディタ,210452
パロディ,210439
ロビン,210389
ヒノキ,210387
ディス,210058
ロマンチック,209170
ヨコ,209141
ワカメ,209018
ソフトウエア,208823
スワップ,208788
アヤ,208613
インタレスト,208568
ツケ,207317
オルガン,207137
カブトムシ,206609
ナウ,206300
ザル,205333
アヒル,205163
アブ,205157
ラット,205004
カステラ,204824
ナッツ,204526
チャネル,204374
トレイン,204342
ケタ,204323
パンパン,204242
ゲノム,204206
シロップ,203710
カリカリ,203699
キッド,203561
ギャラ,203232
タマゴ,203155
リサイタル,202843
ナラ,202604
フィン,202046
リバウンド,201573
ウイング,201526
エフェクト,200163
フラフラ,200135
イネ,199950
ノズル,199766
フランチャイズ,199332
コスモ,199218
ニヤリ,198864
メリハリ,198631
ロッジ,198238
バックス,197889
サイコロ,197712
ハゼ,197651
ランチタイム,197342
ガセ,197072
スリル,196908
ポテンシャル,196802
ペンキ,196521
サイレン,196360
エスニック,196320
コショウ,196125
エンジニアリング,195988
オモチャ,195773
デッサン,195592
キャンディ,195292
ゴンドラ,195173
ブラウス,195113
カノン,194905
デラックス,194651
カリウム,194546
オジサン,194233
ハワイアン,194051
ロジック,193707
ダスト,193621
タンポポ,193618
デマ,193556
クランク,193332
アミ,192939
プロダクト,192915
セリ,192650
グラタン,192586
ミニチュア,192514
マッピング,192280
デュオ,192211
フェルト,192057
チャック,191779
タヌキ,191710
ハンドブック,191373
パイナップル,191200
ブランコ,191044
オフセット,190869
アワビ,190823
セグメント,190771
トランペット,190067
アップダウン,189844
イチョウ,189720
ヒモ,189703
ウキウキ,189691
ペナルティ,189671
タイムス,189600
バイブル,189539
プラネタリウム,189434
ピクニック,188957
ルック,188835
ハッチ,188824
カルビ,188535
ノリノリ,188279
アシ,187928
トレイ,187870
ハンディ,187544
マトモ,187509
アダプタ,187113
サボテン,186931
ハエ,186378
ピッ,186327
マロン,186323
インスリン,186320
インディアン,186199
ガマン,186125
ビデオカメラ,185188
マグネット,184471
バッジ,183835
ピック,183777
ガッツ,183282
プログラマ,183055
ジャッジ,182924
クワガタ,182875
ポカポカ,182831
ガイダンス,182733
グチ,182053
ショコラ,182011
オバサン,181937
ピル,181657
アクシデント,181361
イタズラ,181065
ジグ,180674
ゼネコン,180210
リスニング,180135
プロトコル,179665
スタイリング,179343
イロイロ,179247
ダブルス,179216
ススキ,178869
ヘッドホン,178728
バレル,178725
リム,178487
スペクトル,178371
タナ,177756
ミミズ,177641
トロッコ,177620
アレンジメント,177617
ヤミ,177584
ワンタッチ,177425
ウワサ,177325
パイン,176962
シンク,176896
ライム,176863
スパン,176840
ゴリ,176823
シロアリ,176728
コンビニエンスストア,176642
ヤマメ,176524
デルタ,176395
チャペル,176286
タンゴ,175985
バドミントン,175403
スズメ,175355
アサリ,175009
ブラインド,174941
ワル,174497
プロット,174419
レッテル,174292
ミツバチ,173889
エステル,173732
ドロドロ,173347
マウンド,173287
セットアップ,173261
ハット,172952
ランドセル,172785
ワイヤレス,172531
レトルト,172511
エレキ,172170
ミイラ,172068
プラモデル,171898
ピエロ,171832
シビア,171706
イワナ,171467
パセリ,171095
ナイン,170972
バント,170947
サンプリング,170819
リチウム,170632
アポ,170277
サテライト,170191
オクラ,169969
マスト,169906
ハネ,169863
スタブ,169713
ガク,169670
コストダウン,169544
カウンタ,169007
レスリング,168991
バツ,168961
エロス,168949
キルト,168807
ガリガリ,168686
ナベ,168604
ラッセル,168079
テロップ,168012
ラメ,167948
スペル,167798
ササ,167615
モル,167502
チャイム,167233
アドリブ,166885
アサ,166754
ボトム,166582
コロン,166533
コンデンサ,165809
アイドリング,165691
マドンナ,165691
スクラップ,165638
チンピラ,165120
ソメイヨシノ,165084
クラゲ,165034
タケノコ,164956
ハンデ,164817
ジャスミン,164706
トカゲ,164403
ブツブツ,164348
ストッキング,164245
リタイア,163759
ウコン,163693
ポインタ,163649
キャンバス,163624
クリティカル,163610
ニッケル,163258
ゲラ,163147
パラレル,162945
スラム,162630
ルビ,161311
エキストラ,161110
ニワトリ,160768
ゲルマニウム,160573
フラメンコ,160491
アロエ,160399
マグマ,159884
ストライプ,159640
ステンドグラス,159482
プロペラ,159456
モデルハウス,159258
リリカル,159239
グリッド,158762
イクラ,158672
マトリックス,158535
ストライキ,158435
スイミング,158338
レンゲ,158121
トラスト,157917
ヒビ,157726
メルヘン,157721
カツラ,157644
ロバ,157485
エッグ,157246
ダイス,157041
ポジ,156988
ハッスル,156782
チラッ,156558
ゴシック,156296
トレイル,156025
ナンセンス,156005
マダイ,155926
カヤック,155794
スリット,155533
バッタ,155257
クライミング,155055
パステル,155019
ヘッドライト,154845
タイト,154488
ケヤキ,154423
ウエイト,154262
インコ,154109
バッシング,154048
カンナ,153947
コミカル,153777
オムレツ,153668
モニュメント,153620
バロック,153572
ヘッダ,153435
ナショナリズム,152919
ブイ,152839
ウェット,152794
ノロ,152788
ギュッ,152634
ジレンマ,152576
ブラブラ,152102
コアラ,152020
ハイツ,151817
エイリアン,151508
ケチャップ,151323
ギャング,150667
カブト,150143
スタディ,150116
ホステス,150004
ブランチ,149974
ルネサンス,149871
シナモン,149760
クルクル,149627
ショウガ,149551
チルドレン,149481
ウクレレ,149353
ハイレベル,149263
ラッパ,149044
サザエ,149010
アメニティ,148980
アセスメント,148820
ジャンケン,148549
ペイ,148535
セダン,148197
ボチボチ,148151
キャラバン,148058
フレア,148009
マッハ,148000
フワフワ,147891
モミ,146998
セロリ,146846
ポンポン,146840
サドル,146744
ポツポツ,145843
クロム,145729
ソケット,145534
ネガ,145505
スピリット,145481
バイバイ,145439
スミレ,145129
ロスト,145110
ボンネット,145068
イニシャル,144686
ポップアップ,144330
ヤニ,144232
ザリガニ,144186
ピッチング,144032
ネオン,143740
タップリ,143647
サタン,143589
フライング,143552
サンバ,143542
サウンドトラック,142935
ツルツル,142788
リネン,142782
モカ,142534
サブタイトル,142172
メビウス,141952
スパゲティ,141701
オリジナリティ,141648
サファリ,141532
エンジョイ,141501
ココナッツ,141455
ソニック,141366
ハク,141334
オメガ,141294
マイコン,140938
タブレット,140784
オムニバス,140761
パテ,140673
スランプ,140525
シャイ,140355
スタック,140305
コンパニオン,140296
ボイル,140270
キリシタン,140265
ポロ,140062
ダクト,140053
モデリング,139979
クワ,139935
オリエンタル,139875
ナプキン,139750
テレカ,139164
キク,139118
アンモニア,139099
フリル,138924
コウモリ,138834
プロセッサ,138814
コンベンション,138795
ポツリ,138677
プラモ,138533
キャラクタ,138525
シバ,138057
コルク,138039
ニコチン,137964
ディスカウント,137921
パルプ,137780
カンパ,137669
アンバランス,137613
ステッチ,136669
メダリスト,136418
スタンバイ,136177
デュアル,136058
トホホ,136034
ミニバン,135874
インプット,135773
ソプラノ,135627
ピクセル,135512
ウミガメ,135467
マウンテン,135259
ムク,135226
リムジン,135178
ガスコンロ,134956
ブラッシング,134902
フェロモン,134786
センタ,134317
ヒザ,134174
ドリフト,134101
バロン,134009
スクランブル,133756
マスタ,133140
チェス,133009
クラリネット,132932
ベアリング,132874
インクジェット,132842
ダビング,132533
コンパス,132497
マットレス,132487
モノマネ,132480
カタクリ,132352
フラッグ,132240
ケラ,132214
イニング,131989
クラック,131785
スキャナ,131673
ルポ,131501
マンモス,131485
シャボン,131424
インテリ,131397
グラブ,131387
キウイ,131377
モルタル,131287
バッテリ,131145
ハンサム,131096
アイゼン,130985
シイ,130748
ウシ,130737
ノエル,130460
ヒマワリ,130436
ゲストハウス,130379
リベラル,130173
カフェイン,130024
ワッフル,129893
ボンボン,129598
サギ,129390
ランタン,129285
アザラシ,129233
セラミックス,129218
フクロウ,129192
トランジスタ,129016
タンパク,128917
ツバキ,128702
リンチ,128415
プロテイン,128331
ファイア,128244
ワカサギ,128051
コンパ,127701
コンテ,127608
ウエディングドレス,127350
テコ,127324
シングルス,127254
キッス,127225
デュエット,127068
リストアップ,126945
インキ,126918
ホンモノ,126841
ハイウェイ,126746
ピストル,126723
オッズ,126408
エンブレム,126378
ギガ,126200
アツアツ,126131
ダンプ,125930
ファイブ,125819
ルネッサンス,125716
キビ,125635
ダンゴ,125296
ミセス,125163
メロメロ,125160
アワ,124987
オッパイ,124954
イタチ,124871
ダルマ,124590
マスカラ,124480
キックオフ,124392
リラ,124220
ケミカル,124219
ニス,124058
ゼラチン,123990
エッチング,123799
ムッ,123798
ツメ,123777
オシッコ,123728
サリン,123533
ステアリング,123513
エナメル,123257
ポエム,123183
コンスタント,122986
ラムネ,122942
エディション,122878
ベタベタ,122854
ナゾ,122678
ケット,122646
キャンピング,122640
キジ,122449
カモメ,122381
トライアスロン,122061
ビスケット,121821
ハロゲン,121178
オフライン,120982
ディスコ,120969
シソ,120854
プンプン,120821
スパゲッティ,120762
バクテリア,120705
コレクト,120689
メジロ,120572
エデン,120523
ホイホイ,120446
パシフィック,120379
アリバイ,120180
ハイハイ,120159
クロウ,120150
ブティック,120074
スルメ,120053
スケルトン,119905
スワン,119730
ゴボウ,119710
ボツ,119580
トナカイ,119549
スリリング,119497
ワサビ,119463
ホルン,119369
コバルト,119362
メンマ,119283
リマ,119235
アルペン,119140
ロウソク,118869
サファイア,118634
スズ,118259
ウインド,118208
プランクトン,118175
チャリティ,117990
インプレッション,117630
ショッキング,117621
ヒョウ,117509
バカンス,117491
キラリ,117261
カワハギ,117129
ピンポン,117017
エスプレッソ,116829
ウメ,116762
ニッコリ,116711
メンバ,116600
プロパガンダ,116512
スコップ,116459
ドラマチック,116318
パンティ,116262
ハング,116220
サスペンション,116111
ダジャレ,115887
バイアス,115872
シンポ,115786
パイプライン,115704
グリス,115466
カラクリ,115458
バルク,115375
エレメント,115038
ウジ,114894
サプライ,114790
レゲエ,114565
アジト,114536
ゴッド,114519
スパッツ,114496
チラホラ,114416
アスパラガス,114325
スイスイ,114063
シェイプ,113886
ハア,113829
ドライブイン,113812
ノド,113776
ポイ,113722
モヤモヤ,113716
プルトニウム,113459
ペラペラ,113338
モテモテ,113201
パプリカ,113135
コンソメ,113124
ガチガチ,113101
カワセミ,112819
ラヴ,112683
レディス,112311
トンカツ,112166
リゾット,111975
ワイヤ,111924
ミンチ,111890
ブロンズ,111674
エコノミスト,111611
アロハ,111581
カサ,111373
アボカド,111239
ハイビスカス,111232
クレヨン,111214
ダイナマイト,111102
サクセス,111053
ワット,110996
クルミ,110803
ソフトドリンク,110410
イサキ,110267
ピリピリ,110255
フェイズ,110011
カカオ,109920
メイル,109871
イナ,109844
スポットライト,109837
レジュメ,109795
プリズム,109729
ニッチ,109663
モグラ,109513
カラム,109365
ノット,109364
サイレント,109304
デリバティブ,109277
パイル,108881
スロットル,108840
ボンベ,108679
キャピタル,108569
キリッ,108560
カシ,108546
カゼ,108187
ズルズル,108123
シンクタンク,107939
ウグイス,107703
フレキシブル,107680
タンニン,107499
カンファレンス,107203
シイタケ,107138
バウンド,107066
ミリオン,107021
ファシズム,106971
カッティング,106939
ファイバ,106862
キャビネット,106834
シビ,106689
コウノトリ,106565
バタフライ,106354
ペリカン,106194
シキ,106087
ダチョウ,106052
サクランボ,106029
ハンダ,105982
クロワッサン,105824
ズラリ,105792
レンコン,105509
ワイシャツ,105488
マイクロバス,105366
ビクビク,105236
ガマ,105199
スペア,105199
ディジタル,105168
ロックバンド,104881
レセプション,104725
エンゼル,104652
ハイク,104541
バンザイ,104498
クラブハウス,104490
グミ,104463
センバツ,104289
インカ,104228
ネスト,104193
ラクダ,104131
デバッグ,103996
ダイコン,103991
シジミ,103973
フォア,103881
ハモ,103661
ポロシャツ,103635
トライアングル,103341
プレハブ,103000
サイクロン,102855
ブンブン,102812
カヤ,102801
シャンソン,102727
ヤク,102673
アウトプット,102531
パッション,102383
ルンルン,102246
エホバ,102089
スプリント,102012
アナゴ,101964
カマキリ,101959
ギヤ,101796
トビ,101659
ポリエチレン,101367
コンニャク,101260
レジスタ,101251
ビッグバン,101226
コブラ,101007
ウィンド,100993
シャクナゲ,100915
クラシカル,100616
シャム,100596
ドングリ,100569
オリジナルグッズ,100306
ワナ,100277
パフ,100148
マネキン,100101
メド,99993
カリン,99968
ストロボ,99927
ピリオド,99916
アスレチック,99830
ナップ,99816
フロン,99544
スカスカ,99475
マシュマロ,99367
ユメ,98960
ブリキ,98873
メラニン,98867
バディ,98821
シカト,98721
ビジネスチャンス,98429
ポロリ,98378
ジュエル,98351
ジョイフル,97942
インパルス,97918
ヒナギク,97711
ホイル,97578
ブラケット,97548
モスク,97547
ロスタイム,97387
カエデ,97296
フィジカル,97170
シャキシャキ,96988
ジンクス,96840
インドア,96751
スラッシュ,96684
キョロキョロ,96450
インサイド,96436
ライフサイクル,96116
フォアグラ,96081
シアン,95832
アラカルト,95753
カサゴ,95676
トロピカル,95668
ハッシュ,95630
ウル,95531
フルタイム,95522
ストイック,95505
キャビン,95487
ピッツァ,95413
オカリナ,95394
ジオラマ,95215
インスタンス,95210
パドック,95118
フレックス,95074
カラカラ,95050
パパイヤ,95027
ホットライン,94623
スマッシュ,94556
サツキ,94425
ピッコロ,94416
パンヤ,94403
マラリア,94224
テリア,94172
フキ,94115
スズメバチ,93923
ジョッキ,93903
ガッシュ,93793
マンガン,93756
メカニック,93640
ナマズ,93509
プロトタイプ,93240
ムカデ,93191
ゾクゾク,93168
トド,93035
メチャメチャ,92794
ピタリ,92674
ホクホク,92600
ペイン,92520
パネリスト,92389
カルメン,92361
ジメジメ,92323
ボイコット,92295
モップ,92239
メンチ,92198
ボア,92142
アロン,92119
コンセンサス,92055
ヒグマ,92005
アクセサリ,91961
ストリップ,91945
フォトコンテスト,91909
カジ,91903
カメムシ,91877
ピリッ,91856
アフレコ,91636
ホトトギス,91518
ディッシュ,91477
ニジマス,91422
レクイエム,91337
ガチャガチャ,91308
サトウキビ,91220
パクパク,91173
ビビンバ,90959
クリスマスイブ,90952
グロテスク,90885
インゲン,90801
ポツン,90795
リクライニング,90782
マスキング,90716
バトンタッチ,90506
ゼッケン,90444
ミレニアム,90374
カンカン,90267
マウンテンバイク,90244
ギブアップ,90201
ギラギラ,90160
ダリア,90109
マヒ,90063
マカロニ,90034
テックス,89978
イングリッシュ,89913
サテン,89881
アオイ,89842
チラチラ,89842
マンネリ,89840
テクスチャ,89508
トドメ,89430
ジグザグ,89199
プロテクト,89098
ワンタン,88917
チラリ,88740
カチカチ,88651
カラン,88579
クラスタ,88535
インテリジェンス,88480
トランクス,88441
レンタルビデオ,88428
マキシ,88376
バックグラウンド,88373
コンパイラ,88329
アメジスト,88186
シダ,88057
メタン,87996
クニ,87954
カラッ,87753
プロミス,87744
レジデンス,87691
ホヤ,87635
デフォルメ,87485
インタラクティブ,87353
ミクロン,87149
アブラムシ,86648
ドルフィン,86648
ビワ,86552
ドレスアップ,86520
ヒキ,86193
レンタサイクル,86106
パビリオン,86096
セピア,86094
カド,85924
テクスト,85882
リミット,85719
シコ,85700
イヤリング,85604
オリエント,85600
カミソリ,85427
システムズ,85255
トリュフ,85253
ドミノ,85209
レギンス,85026
ホスピス,84953
サルサ,84800
グラフィックス,84782
スパルタ,84771
スッポン,84691
ハンドリング,84619
パンプス,84568
パタパタ,84537
ホルムアルデヒド,84363
チクチク,84082
バッサリ,84063
ホッケ,84028
クラクラ,84000
カモシカ,83884
ミット,83879
エネルギッシュ,83876
バックル,83839
オニオン,83793
アヤメ,83626
レジスタンス,83529
ピクルス,83462
ポリオ,83376
レンチ,83350
ブライト,83329
ソリスト,83319
オバケ,83228
シクラメン,83162
クラクション,83091
ビルディング,82820
ノックアウト,82740
バイナリ,82699
ファイリング,82584
ヒュッテ,82550
ステッキ,82546
テディベア,82520
カフェオレ,82325
リアリズム,82195
フラダンス,82117
キャッ,82100
ウトウト,81862
チョップ,81813
マッシュ,81657
ゴチャゴチャ,81533
ナメクジ,81469
イチジク,81408
ロザリオ,81395
ウミウシ,81328
ナデシコ,81312
ヌルヌル,81208
チュニック,81018
ブルブル,80990
カラマツ,80770
マニキュア,80732
ブルジョア,80731
エキサイティング,80724
カリッ,80665
スクラム,80541
マスカット,80530
ラブソング,80529
ウィズ,80506
ゴタゴタ,80405
ジャブ,80374
ハンティング,80316
モヤシ,80300
ドジョウ,80271
エッ,80257
ペスト,80249
ツマミ,80247
ガックリ,80057
トタン,80053
ラジウム,79923
テレビジョン,79831
ハント,79831
アスペクト,79774
ヒヨコ,79769
ミステリアス,79642
アイナメ,79477
シリンダ,79303
ラジカセ,79197
カサカサ,79005
ムラサキ,78963
ニシン,78901
パラソル,78775
バリウム,78716
パリッ,78582
シャンデリア,78472
リズミカル,78409
ウエスタン,78254
エチケット,78157
ヤジ,78076
プラム,78068
トロトロ,78047
マンドリン,77979
フラップ,77843
シャットアウト,77721
ミトコンドリア,77682
カタツムリ,77655
ポリウレタン,77651
ハマチ,77630
ヒバ,77612
フェミニズム,77565
ファクス,77555
コソコソ,77518
セロ,77253
ビスタ,77122
ウオッカ,77116
ナックル,77032
ヨモギ,76704
エベレスト,76487
サウジ,76424
パラドックス,76406
スカル,76376
ワッペン,76322
スケッチブック,76321
ピチピチ,76240
ハイエンド,76191
リファレンス,76153
ヤナギ,76062
アタッチメント,76048
アップルパイ,75992
アレイ,75972
オキアミ,75949
ハイム,75673
ラスク,75621
ラウ,75462
ガツガツ,75308
スキンシップ,75237
グングン,75204
ジャイアント,75183
カルデラ,75142
フナ,75018
ヴィオラ,74956
ジャッキ,74908
アドレナリン,74869
リカバリ,74741
アザ,74663
アハハ,74646
シシ,74618
インカレ,74608
カンニング,74534
サシ,74462
マムシ,74363
イズム,74299
ニコッ,74082
エキゾチック,73958
レイヤ,73875
グイグイ,73550
グリセリン,73422
ゴシップ,73330
ドリップ,73256
シャチ,73192
フォルテ,73037
ダンベル,72909
ポロポロ,72765
コリコリ,72744
サソリ,72681
リバイバル,72594
ヒステリック,72521
ピタッ,72517
ブラックリスト,72435
ハイエナ,72428
イブニング,72394
ケシ,72332
ミニマム,72257
グリグリ,72228
アカネ,72216
カゲ,72186
タチウオ,72179
アサガオ,72152
フルマラソン,72033
フルセット,71924
エステティシャン,71815
バケット,71810
ラッチ,71783
アカデミック,71760
ゴング,71743
マツタケ,71708
モヒ,71663
メガホン,71633
ウェイトレス,71616
ヘリウム,71555
パドル,71474
プレジデント,71315
テキストファイル,71236
パリス,71189
フリップ,71176
イット,71167
ロンド,71006
ナマコ,70900
シックス,70898
パラリンピック,70847
プロレタリア,70830
ハラスメント,70783
スイッチング,70760
ラドン,70753
シェイプアップ,70707
シナプス,70471
ジワジワ,70432
ドリアン,70395
ジュゴン,70377
スライディング,70220
ライフライン,70195
サラウンド,69990
オモリ,69918
バンキング,69903
ガクガク,69668
ネム,69637
ハイカラ,69630
ピラフ,69603
モルモット,69391
プレイバック,69337
トランザクション,69240
ガラリ,69163
サック,69134
サカナ,69126
ソフトテニス,69122
コメット,69062
ジャイロ,69051
キップ,68960
ケリ,68889
ギザギザ,68879
コミット,68825
チェンバロ,68802
チゲ,68730
クロダイ,68691
タクト,68685
ボレロ,68648
ザウルス,68607
ハッキング,68409
ヤラセ,68345
コックピット,68179
スクイズ,68164
コンベア,68104
チャコ,68074
マミ,68030
エキスポ,67963
ウオッチ,67951
ホック,67729
アザミ,67602
ポテトチップス,67440
ヒリヒリ,67421
ドカン,67253
ダイアル,67174
ムギ,66977
コンドミニアム,66950
アウトライン,66923
ヒツジ,66827
マンボウ,66723
シコシコ,66707
カルテット,66615
ホウレンソウ,66613
モデルチェンジ,66557
ザクロ,66534
ゼンマイ,66520
コルセット,66458
テキスタイル,66409
ファウル,66334
ゴシゴシ,66330
ファイルサイズ,66254
クヌギ,66252
キッパリ,66164
バンパイア,65759
チャンピオンズ,65411
システムエンジニア,65232
クロニクル,65222
バラマキ,65117
フェイント,65068
ジリジリ,65059
ペソ,65055
レストハウス,65031
エアライン,65030
ポリプロピレン,64920
サワラ,64909
ビンビン,64905
カチン,64878
アルミホイル,64854
カメレオン,64719
サラブレッド,64687
ハヤシライス,64652
ポジショニング,64484
ミニサイズ,64410
グチャグチャ,63987
トコトン,63943
デリカ,63864
エアガン,63850
ラバ,63773
アシカ,63752
スパコン,63641
ツノ,63611
ブランケット,63599
ゲラゲラ,63564
セレン,63509
プラスアルファ,63500
オフェンス,63453
ヒヨドリ,63238
シャット,63198
ファンク,63084
コンマ,63074
ヤドカリ,63073
エステティックサロン,63020
アルス,63006
ハマグリ,63006
シメジ,62974
ピンセット,62920
ユズ,62904
ヘディング,62895
ワラビ,62894
ナツメ,62891
アクロバット,62776
セコンド,62667
ミツバ,62661
ロングラン,62539
ブヨ,62481
モダニズム,62422
バラツキ,62416
サバンナ,62374
イッキ,62359
アンテナショップ,62324
プロパンガス,62322
フルサイズ,62184
エスペラント,62057
スラスラ,61986
ハイジャック,61954
メラミン,61936
ハイドロ,61913
ガサガサ,61910
ハゲタカ,61907
カジキ,61854
ザクザク,61807
コレラ,61687
マリモ,61637
メゾネット,61637
サフラン,61433
ハイフン,61393
ヘドロ,61380
サイドバック,61144
ツイスト,61101
コオロギ,61039
ブルドッグ,61028
ラッコ,61010
ニトロ,60969
ビリビリ,60955
ザイル,60896
トチ,60793
ヒトデ,60756
エレガンス,60657
ハヤブサ,60618
カドミウム,60407
ドリア,60371
ハナミズキ,60356
カラオケボックス,60271
アヘン,60250
ニシ,60241
テレフォン,59888
トリム,59886
タイトルマッチ,59883
メシア,59880
ネバネバ,59876
ヤセ,59747
キャプション,59659
カムバック,59596
エックス,59560
クタクタ,59473
ハンモック,59454
ハンディキャップ,59410
マルク,59382
ペンチ,59301
ヒラヒラ,59205
マサキ,59197
エンドウ,59140
チャンピオンシップ,59015
コンテキスト,59008
パッキング,58982
クッパ,58978
マザコン,58868
コロシアム,58844
グラグラ,58733
ドッキング,58698
チヂミ,58501
カタルシス,58496
アカシア,58324
アクアマリン,58284
コンバイン,58224
ミジンコ,58222
オンブズマン,58104
エネルギ,58054
オンチ,58051
ルンバ,58030
コンチェルト,57983
タイムリミット,57904
スイレン,57808
キャビア,57804
アングラ,57696
サボ,57647
カナリア,57542
テフロン,57540
ブラッシュ,57540
エンスト,57512
ペンシル,57401
リンドウ,57330
モノサシ,57297
イナダ,57127
スペクタクル,57025
ミッドナイト,57003
キセル,56992
タナゴ,56939
イナゴ,56902
クロマグロ,56880
コンドル,56841
ヘモグロビン,56808
ハタハタ,56796
グズグズ,56605
フィラデルフィア,56599
ホイッスル,56564
サトイモ,56421
ヤリイカ,56378
コンブ,56360
カタカタ,56184
ニッコウキスゲ,56174
ティラミス,56096
ビデオデッキ,55969
ウオ,55950
コンチネンタル,55912
ブルペン,55821
コミッション,55765
センタリング,55757
スコッチ,55750
シンパ,55672
ヘルツ,55567
ニコラ,55477
センチメンタル,55443
ウエルカム,55355
ダイナミズム,55351
マントル,55343
ゴツゴツ,55294
ミモザ,55249
スゲ,55151
エチレン,55096
アベック,55089
ホログラム,55072
カレント,55054
コブシ,54933
タラバガニ,54918
サンスクリット,54755
ベストテン,54697
セキレイ,54687
テロリズム,54581
ギザ,54563
オロオロ,54519
コンコン,54503
ダンピング,54368
シャコ,54271
ペコペコ,54178
クスノキ,54077
メリケン,54042
タングステン,53943
エアバッグ,53921
ライラック,53726
アンコウ,53656
モルヒネ,53649
ヒスタミン,53646
カラット,53631
レヴェル,53625
ツタ,53572
ヒスイ,53561
ラジオドラマ,53550
ファクシミリ,53539
メカニカル,53477
ホットドッグ,53474
フェミニスト,53433
スチル,53428
ブラスバンド,53287
ガラッ,53232
バリカン,53119
エンタテイメント,53060
アンズ,53054
ライチ,53026
ロップ,53021
プロショップ,53009
キリギリス,53005
ベッドタウン,52978
エノキ,52937
インテリジェント,52912
ホタルイカ,52888
エレクトリック,52861
ハッカ,52856
パサパサ,52849
エトセトラ,52838
ソネット,52755
ヤモリ,52565
ウインク,52451
シエスタ,52427
ソレイユ,52367
ザラザラ,52366
モノラル,52337
スイセン,52296
シェアリング,52286
コンペティション,52153
タンメン,52136
コテコテ,52109
コントラバス,52106
グルテン,51976
イデア,51962
ブロンド,51958
マダラ,51771
イニシアチブ,51737
コトコト,51689
エッセイスト,51610
コラムニスト,51600
トウガラシ,51579
ワイフ,51551
アスピリン,51495
コミットメント,51287
タイムアップ,51065
ドクダミ,50924
オナラ,50777
ボサノバ,50754
リベット,50750
フラミンゴ,50720
シンバル,50705
ギクシャク,50669
フシ,50629
レジスト,50624
タスキ,50536
トラクタ,50424
アンタッチャブル,50391
エアロビクス,50203
イケイケ,50112
ケロイド,50098
サヨリ,50084
ゴリゴリ,49980
ベジタブル,49944
ユッケ,49919
マンボ,49856
マリファナ,49805
エスプリ,49754
カマス,49748
カロチン,49708
ギロチン,49682
スモッグ,49628
サラン,49545
フラスコ,49533
スフィンクス,49526
アルパカ,49466
キングコング,49412
タピオカ,49382
ミニバス,49279
スラックス,49221
ヘラヘラ,49218
ソワソワ,49200
スレスレ,49125
コンス,49084
カッコウ,49058
ドライアイス,48975
アリガトウ,48934
コロイド,48901
ジャンジャン,48599
ロジカル,48544
ボトルネック,48482
ランチョン,48425
フェンシング,48400
モグモグ,48304
ロゴス,48202
サルビア,48158
チカチカ,48078
アケビ,47977
ベンゼン,47973
バリトン,47908
マッコリ,47900
チョロチョロ,47854
ゴソゴソ,47813
モラトリアム,47608
バラック,47605
オタマジャクシ,47494
ファンクション,47414
ワンダフル,47367
レトリック,47281
リュックサック,47280
ミョウガ,47235
パイプオルガン,47211
ベルベット,47184
キケン,47026
ファシスト,46974
ブイヨン,46952
アルミナ,46881
クライシス,46861
キャッツアイ,46827
ムンムン,46788
キンキン,46785
トコトコ,46749
ムニエル,46741
コルト,46738
ハレルヤ,46732
シジュウカラ,46713
トランポリン,46703
ニアミス,46652
シロクマ,46641
ガウン,46591
スプラッシュ,46532
ミンク,46497
サジェスト,46455
パリパリ,46409
レズビアン,46324
バナジウム,46299
アカマツ,46297
アンクル,46296
キックボクシング,46182
タンチョウ,46164
パトロン,46025
ミズバショウ,46014
トラッキング,45988
オオタカ,45766
コメディアン,45730
ストリング,45703
ヒジ,45618
インシュリン,45616
コカイン,45547
モトクロス,45349
キンモクセイ,45347
ムズムズ,45161
サナギ,45145
クギ,45124
ボソッ,45116
プロフィル,45056
コンディショニング,45025
クシャミ,44971
マイニング,44908
フェライト,44879
ブラックボックス,44786
トップダウン,44763
ウエット,44699
カトレア,44674
マリンバ,44621
キナ,44541
ハミング,44526
タンバリン,44465
コウジ,44414
ロマネスク,44389
セイゴ,44369
ズタズタ,44308
モリブデン,44293
ゲバ,44292
バイキン,44277
ヒッチハイク,44238
フィラメント,44238
ニンマリ,44166
ハイブリット,44134
ショベル,44092
ヘチマ,44082
カルテル,44067
ムツゴロウ,44065
イソギンチャク,44047
ミズキ,44043
スルスル,43927
ツグミ,43904
カルスト,43787
プレイガイド,43733
クレソン,43717
ギョウザ,43710
アオキ,43678
プロジェクタ,43531
タオルケット,43500
エルグ,43485
ホヤホヤ,43442
シタン,43269
ナナカマド,43214
ゲタ,43147
イモリ,43039
デウス,42964
ヴァニラ,42827
ワラサ,42679
パタン,42642
サラミ,42631
プレスト,42519
バラスト,42469
ラシャ,42445
ポッキリ,42430
ポリポリ,42346
シギ,42334
シャベル,42314
カンマ,42277
モズ,42219
キルティング,42193
スイッチバック,42161
シャケ,42140
アルマイト,42139
ボソボソ,42093
プカプカ,42065
ガムラン,41988
ヤマザクラ,41982
ハリネズミ,41960
ピッケル,41923
アップリケ,41881
ノッチ,41842
ペナント,41753
ホッチキス,41746
サオ,41704
キキョウ,41702
ウグイ,41603
ギンギン,41557
ロココ,41516
ダイズ,41503
ウイ,41463
ノルディック,41249
オイルショック,41244
シマウマ,41244
ヒバリ,41164
ケトル,41017
カジカ,41004
カフェテリア,40997
ツキノワグマ,40900
フレスコ,40855
ジャップ,40841
キョトン,40826
スタンガン,40809
ナッシング,40788
カベ,40784
ダウンヒル,40755
イガイ,40703
ベストショット,40676
テディ,40600
パラフィン,40570
タニシ,40553
ホルマリン,40481
ハンドバッグ,40429
ミキシング,40392
エチル,40326
ホカホカ,40320
ソバカス,40113
プレゼンス,40007
オンス,39904
プレイベント,39811
パテント,39758
ベンダ,39732
クロレラ,39714
スモモ,39706
アセンブラ,39597
ポシェット,39595
アフリカン,39573
ボヤキ,39529
ウドン,39350
エキセントリック,39305
トンビ,39243
マタタビ,39172
シロギス,39127
ノロノロ,39096
アジェンダ,39077
ウナ,39016
ドラムス,38992
ブルゾン,38958
バラモン,38934
チクリ,38919
クイン,38817
イチャモン,38803
アセンブリ,38788
フッタ,38780
トビウオ,38631
マイト,38608
バテバテ,38597
スクラップブック,38591
サンクチュアリ,38585
カシミヤ,38557
ヨレヨレ,38546
ヒス,38522
ギスギス,38495
ワンセット,38472
ベニヤ,38439
アネモネ,38332
カルキ,38326
ジカ,38319
ソラマメ,38280
ハイマツ,38276
テクニシャン,38274
カレイド,38210
パントマイム,38131
デック,38129
カイリ,38099
アブラナ,38051
ボサボサ,38021
フィックス,38009
アロハシャツ,37995
ウズラ,37971
シニカル,37943
スピンドル,37931
アイシング,37892
ゼラニウム,37884
コンビニエンス,37869
バイタリティ,37851
トロリ,37751
ガバ,37708
スパナ,37569
シフ,37469
カイコ,37467
モズク,37412
タライ,37382
ミヤマキリシマ,37304
サザンカ,37233
コギャル,37196
スラング,37109
テキストエディタ,37083
セクト,37067
テレホン,36959
センテンス,36956
ヤゴ,36949
ラビリンス,36947
ベトベト,36938
エミッション,36851
ラテックス,36746
デマンド,36737
アイガモ,36663
ドグマ,36656
ピッカピカ,36594
パラグラフ,36516
フキノトウ,36429
ミニコミ,36396
ベッタリ,36394
エクレア,36390
マリオネット,36381
ジロジロ,36337
オペレッタ,36272
ロマンチスト,36255
ラスタ,36239
パラジウム,36178
パンタグラフ,36165
セキセイインコ,36125
ホロホロ,36094
ウツボ,36041
マトン,36031
ビッシリ,36025
ハクチョウ,36013
ヒガンバナ,36007
プリマ,36004
イシダイ,35997
シラン,35984
ブレスト,35973
コチ,35930
ガロン,35893
ボルタ,35893
クチナシ,35816
サジ,35804
ハットトリック,35797
ギプス,35755
キリキリ,35745
マロニエ,35732
ワラント,35712
ウエイトレス,35682
リフレイン,35682
ライニング,35668
ハナショウブ,35663
モデルガン,35616
オオクワガタ,35590
サイロ,35547
テカテカ,35515
コンテクスト,35486
ポア,35446
ホッキョクグマ,35444
ハトムギ,35389
ガジュマル,35366
ギシギシ,35363
サカキ,35352
ゾロゾロ,35305
カフス,35292
アンカ,35280
リライト,35280
クジャク,35246
リファイン,35142
ケジメ,35085
バプテスマ,35071
ババロア,35047
ハミガキ,34959
ロッキング,34932
スクスク,34881
ヤンマ,34857
シダレザクラ,34847
シャクヤク,34816
ココナツ,34763
アポイント,34739
ラッキョウ,34706
スフ,34687
ソツ,34618
ダライラマ,34576
アトリウム,34551
バンドル,34398
エポック,34374
トネリコ,34335
ソロアルバム,34304
デポジット,34238
ファッションモデル,34207
ルピア,34114
ラムダ,34073
セスナ,34029
パタリ,34018
サンショウウオ,34004
ファンダメンタルズ,33943
ボヘミアン,33925
ミエミエ,33921
バッカス,33901
ヘラブナ,33882
ニンフ,33689
ムササビ,33680
フライス,33666
カンテ,33642
ガレキ,33640
プロパン,33565
ウミネコ,33522
ハマナス,33516
ピラニア,33479
ノコノコ,33447
ヘキサ,33438
シェルパ,33370
ペニシリン,33283
ラクロス,33196
スナップショット,33190
ウツギ,33132
メディアミックス,33121
ロケハン,33104
ベゴニア,33090
テラコッタ,33074
バトミントン,33053
ギャルソン,33032
ヒイラギ,33029
チドリ,33022
ヒエ,33007
バンタム,32995
スポイト,32989
ピョンピョン,32959
ポラロイド,32940
トレンチ,32927
ウオッチング,32924
クコ,32854
ツクシ,32834
リエル,32782
ファゴット,32758
ミトン,32756
フワッ,32750
セミナ,32672
カキツバタ,32641
ジェットバス,32628
キネマ,32621
バシッ,32529
ハイクラス,32329
ガソリンエンジン,32268
バラッド,32193
デスマスク,32065
フルスイング,31997
オナガ,31957
ブロマイド,31919
ナイトクラブ,31833
イモムシ,31828
エゴマ,31793
デキストリン,31771
チェンジアップ,31756
イソメ,31745
ロイヤリティ,31725
ヒソヒソ,31710
オベリスク,31612
イリジウム,31601
チキンライス,31595
イバラ,31572
クランクイン,31534
ダイカスト,31519
カンゾウ,31468
テントウムシ,31443
ムジナ,31412
カワウソ,31366
ムクドリ,31332
ガスタンク,31313
フトン,31280
アルゴン,31204
ソテツ,31184
ヤマボウシ,31117
ブギ,31071
ポケベル,30990
アンニュイ,30976
ポンチ,30974
ニヒル,30934
バイオレット,30902
アンモニウム,30818
シシャモ,30817
リトグラフ,30807
キクラゲ,30790
ズキズキ,30748
ラプソディ,30737
スカッシュ,30725
タガ,30661
アパルトヘイト,30641
サブリミナル,30618
ブルドック,30590
アバンギャルド,30586
キャタピラ,30511
トリカブト,30503
ファクト,30477
テアトル,30476
セロハン,30474
クロロフィル,30434
シラミ,30433
ゲンジボタル,30431
マンサク,30388
クリケット,30242
ボビン,30106
カタパルト,30103
プロブレム,30098
シャカシャカ,30080
ハンチング,30060
チンゲンサイ,30050
メイツ,30014
ヒドラ,29979
ペンライト,29935
ラディッシュ,29934
カマボコ,29896
スラリ,29890
ハンドラ,29881
ジェントルマン,29875
ジャングルジム,29875
ヤレヤレ,29870
チャボ,29844
エスカルゴ,29762
オルグ,29736
ワセリン,29715
ビショップ,29698
ヒヤシンス,29692
フルモデルチェンジ,29688
モクレン,29647
ユラユラ,29622
ミディ,29621
ポルカ,29558
ハイソックス,29545
インデント,29403
キハダ,29348
カイツブリ,29335
ナマケモノ,29328
シャモ,29288
アズキ,29234
モタモタ,29227
スペクトラム,29220
キャセイ,29166
ガチョウ,29118
ウルシ,29068
ゴカイ,29055
メロドラマ,29036
インシデント,29016
モジモジ,28996
モモンガ,28985
オヤスミ,28928
フラウ,28920
メヌエット,28869
ブロッキング,28814
キビキビ,28771
エンティティ,28746
ポインセチア,28741
バイオリニスト,28734
イシモチ,28722
ストップウォッチ,28673
オラトリオ,28663
ピタゴラス,28598
サクラソウ,28597
キタキツネ,28592
サルスベリ,28574
モンシロチョウ,28558
ハイレグ,28555
トリガ,28545
ポッカリ,28544
モテル,28513
コッペパン,28506
コンパクトカメラ,28499
テレクラ,28486
リリック,28469
ヒジキ,28454
テンプラ,28446
アモルファス,28444
ビンディング,28439
オオムラサキ,28404
ホチキス,28388
ビシビシ,28325
ヘロイン,28236
ハルマゲドン,28115
カレシ,28047
ボトムアップ,27934
スラッジ,27923
カブラ,27912
フロック,27802
タブロイド,27792
ペケ,27788
ゴセイ,27777
ピケ,27771
ホオジロ,27735
フィアンセ,27656
アセトン,27598
メタンガス,27511
ロッククライミング,27509
ステンシル,27484
インディオ,27459
ブライド,27451
ザワザワ,27445
ビッグイベント,27436
ヒシヒシ,27414
マルチタスク,27347
ナンバリング,27267
クランチ,27261
カフェラテ,27244
エゴイスト,27213
ラティス,27186
アカデミズム,27160
ササニシキ,27150
マフ,27145
セクタ,27136
ピンピン,27082
キッチュ,27071
ワンカップ,27044
カラテ,27019
スルタン,26964
ハクサイ,26887
サブシステム,26879
ハキハキ,26816
ハブラシ,26802
アオコ,26788
ナメコ,26774
タイマ,26757
カシミア,26744
マッシュポテト,26708
ギャロップ,26697
コネクト,26682
オットセイ,26660
チョッキ,26650
ギュウギュウ,26638
カイドウ,26629
リンデン,26610
アマガエル,26570
サイフォン,26556
リベラリズム,26554
ジャブジャブ,26492
クロッカス,26418
ヒキガエル,26368
ビビッド,26354
ファジィ,26350
ブシ,26319
アマリリス,26281
プライオリティ,26256
ハッパ,26245
コムギ,26232
ヤマガラ,26215
レイシ,26214
カタクチイワシ,26181
インディペンデント,26180
ツガ,26159
スカラ,26105
ナズナ,26085
イグサ,26067
ロウバイ,26064
チェリスト,26047
オシドリ,26040
ノンバンク,26037
カブトガニ,25950
シャノン,25932
クワガタムシ,25920
クレパス,25891
ホルスタイン,25890
ドスン,25854
ホウボウ,25818
ダイン,25796
マガモ,25794
テング,25779
キツツキ,25765
ゼネスト,25752
タラップ,25749
アラベスク,25737
ポリッシュ,25626
キンカン,25618
ナビスコカップ,25618
プリッツ,25615
アマダイ,25608
キャニオン,25461
ファミリ,25461
ヒグラシ,25457
イオウ,25451
エゴイズム,25441
ゲシュタルト,25431
シラカバ,25412
オフレコ,25381
ペンクラブ,25351
アブラゼミ,25343
プディング,25324
アカハラ,25298
コミュニケ,25297
クラスト,25279
カンペ,25264
シルクハット,25256
パント,25246
エキシビション,25212
プリムラ,25207
セルロイド,25169
ナツメグ,25168
ズク,25078
セミプロ,25055
アッパ,25050
センサス,25037
パリジェンヌ,24992
リスクヘッジ,24975
グツグツ,24972
アルデンテ,24952
ゴワゴワ,24944
スギナ,24901
ピコピコ,24885
シノブ,24812
サピエンス,24803
プロテスト,24781
カイワレ,24772
タンポン,24704
ビルメンテナンス,24698
メンコ,24678
ギンガム,24672
クロマツ,24668
ソウルフル,24637
レガッタ,24634
アジャスト,24630
タジタジ,24625
サブマリン,24556
インダストリアル,24551
イチイ,24529
モノグラム,24494
スキャット,24479
アンペア,24473
ラインアウト,24473
マイクロフィルム,24428
フィヨルド,24407
ヤワ,24406
クリプトン,24392
ミニコン,24372
ナチズム,24370
ジュンコ,24343
ニヒリズム,24316
カラビナ,24304
インゴット,24301
ダブルパンチ,24274
デバッガ,24273
カスタネット,24236
ベストナイン,24231
パピルス,24218
アホウドリ,24088
コガネムシ,24075
ノスタルジア,24063
ポンカン,24054
タンカ,24021
ユキノシタ,24013
ピシャリ,24003
ベロア,24003
セレクタ,23983
ムクゲ,23971
アンダンテ,23967
メキメキ,23961
オドオド,23893
アンプル,23886
マアジ,23877
エクイティ,23856
ヤマブキ,23848
ステアリン,23838
ニレ,23764
ダイナモ,23752
クワイ,23671
ジュラルミン,23669
ソフトハウス,23654
サラサ,23651
ウインチ,23629
ヤマモモ,23627
シガレット,23622
タツノオトシゴ,23619
ヒシ,23577
ライタ,23534
ファッショ,23533
ショウジョウバエ,23518
ザイン,23481
トリル,23455
フムフム,23397
ビュンビュン,23375
カゲロウ,23369
カフェテラス,23344
カツレツ,23334
トマトケチャップ,23321
ビリケン,23319
ショウブ,23293
ガラナ,23255
メガトン,23213
ソロバン,23184
アドホック,23178
ゲンコツ,23147
キビタキ,23124
ホステル,23119
バインディング,23101
ヅル,23086
カタバミ,23044
レングス,23026
キンピラ,23017
イカナゴ,23009
コニャック,23009
キンポウゲ,22977
カナブン,22973
マスクメロン,22922
ロングパス,22916
ガタン,22869
ユリカモメ,22846
ジルバ,22830
エビネ,22802
タデ,22765
パルチザン,22764
アゲハチョウ,22749
ティンパニ,22748
プルコギ,22747
パラノイア,22720
ネグレクト,22719
リャン,22704
カメリア,22694
マコモ,22634
ツユクサ,22628
プラトニック,22603
オダマキ,22598
ポテトチップ,22589
ジキル,22501
ドクトリン,22491
トレモロ,22472
セイウチ,22470
タップダンス,22469
トップレス,22407
ワンステップ,22395
クマザサ,22384
アセビ,22366
チグハグ,22363
ヤボ,22275
グラフィカル,22265
ビヤ,22224
サインペン,22219
マルカ,22213
コンサイス,22206
ボルシチ,22197
プレイヤ,22165
カソリック,22086
ヒストグラム,22072
バティック,21954
ポトス,21920
アサイン,21863
サムシング,21849
ボストンバッグ,21821
バガボンド,21771
オンサイト,21766
エンジュ,21719
インボイス,21708
スイスフラン,21642
オコゼ,21626
ルチン,21608
イナカ,21559
チョウチョ,21554
ジゴロ,21545
ワイプ,21541
ウイル,21529
ボリボリ,21511
アンダ,21480
アルカロイド,21453
アトリ,21439
ニガウリ,21430
ダックスフント,21429
ケミスト,21402
リプライ,21385
キセノン,21384
イントロダクション,21330
エログロ,21304
チェアマン,21294
パラメタ,21291
ラルゴ,21239
ラブロマンス,21130
ブックガイド,21127
カンフル,21043
ティシュ,21012
カッカ,20991
メタセコイア,20969
カナメ,20957
アセチレン,20940
マラカス,20922
クラスタリング,20853
センブリ,20843
マチマチ,20817
ハチドリ,20814
タチバナ,20813
カナダドル,20805
チョウザメ,20804
サスペンド,20764
ネイティブアメリカン,20752
ドウダンツツジ,20739
ヒヤリング,20734
ニッケイ,20733
アオサ,20728
デザイナ,20664
エロチック,20558
コガネ,20524
イディオム,20508
アニミズム,20487
ウエハ,20447
ウゴ,20384
シラフ,20348
スモック,20335
スポイル,20323
ゲンゴロウ,20311
マキシマム,20301
ボウフラ,20294
イタドリ,20281
イヌワシ,20219
トップモデル,20182
イイダコ,20171
アメンボ,20169
トチノキ,20167
ケチケチ,20156
ガバガバ,20109
ガリウム,20109
ヨチヨチ,20108
モロコ,20102
ドンコ,20072
アレグロ,20058
ツゲ,20046
マッコウクジラ,20002
ガスレンジ,19938
ホンワカ,19885
ペンス,19873
ラップタイム,19864
ルンペン,19826
ネグリジェ,19756
クラシックス,19728
スプライン,19694
エレクトロン,19643
ベイズ,19634
パリサイ,19626
チコリ,19568
ボディビル,19531
シュロ,19530
ラグラン,19515
カミキリムシ,19500
ファシリティ,19498
キチッ,19476
バラス,19475
コレクタ,19467
モゾモゾ,19462
スズナ,19459
キングサイズ,19426
クインテット,19414
ヒヒ,19409
モヘア,19378
マイクロプロセッサ,19324
カイガラムシ,19301
ザトウクジラ,19272
ノッキング,19246
デノミ,19226
ラピッド,19200
ライチョウ,19196
ハッハッハ,19190
アントレ,19187
ワイルドピッチ,19180
タラタラ,19179
オペランド,19173
ヤマネコ,19094
ハンノキ,19009
テトラポット,19002
ズキン,18979
オケラ,18959
クヨクヨ,18954
アフタ,18900
ドレミファ,18887
コンストラクション,18874
スタティック,18861
ツンドラ,18850
ヒロポン,18812
テッセン,18779
ワンテンポ,18777
サドンデス,18771
シャガ,18765
カリフ,18764
キジバト,18735
オンドル,18709
ケロリ,18708
アカメ,18698
プラタナス,18659
パルテノン,18650
ストラクチャ,18586
オペラグラス,18568
クロマトグラフ,18551
インジウム,18508
メジ,18504
カンテラ,18498
メリヤス,18420
ガミガミ,18370
マダコ,18366
ガスマスク,18359
ジャラジャラ,18357
リアリスト,18271
ミッシング,18249
ノギス,18243
ピクル,18211
オオバコ,18188
オノマトペ,18177
クサビ,18087
ロジウム,18082
ホタルブクロ,18075
アップアップ,18073
スパスパ,18070
ミストラル,18066
ズバズバ,18056
パリティ,18028
ドンドコ,17994
アスタリスク,17964
ラベリング,17940
カケス,17895
ズイ,17890
カシワ,17883
テレコ,17883
フィボナッチ,17883
リンクリスト,17874
アララギ,17863
ヒルガオ,17808
ギンナン,17800
モゴモゴ,17800
シャンペン,17755
ジャミ,17742
カットオフ,17730
スケルツォ,17713
パラボラアンテナ,17666
ジャバラ,17660
カシラ,17652
リテラル,17637
ワンゲル,17616
アナグマ,17612
イカル,17564
タコヤキ,17563
フロンガス,17552
トリケラトプス,17546
ニオ,17546
オンザロック,17516
ヘリカル,17495
コントラ,17481
アルマジロ,17462
マイワシ,17453
コバンザメ,17452
ダイナミックス,17421
スンナリ,17391
サンショウ,17385
ポンピング,17341
ネオンサイン,17333
クロロホルム,17294
フクジュソウ,17234
ツワブキ,17217
ミズゴケ,17216
フレッシュマン,17204
エペ,17180
ヤマユリ,17178
ヒョウタン,17171
ブギウギ,17130
ミゼット,17122
ギンポ,17117
クレッシェンド,17085
ナスビ,17080
ソナチネ,17053
ディメンション,17034
タルク,17018
クリンチ,17005
リンカ,16984
サッシュ,16915
プレイン,16910
ヒメマス,16813
ナフサ,16811
ムカゴ,16801
トドマツ,16763
ナンテン,16756
ボツボツ,16744
リダクション,16724
トロット,16681
マドモアゼル,16633
ピペット,16559
チャルメラ,16541
ミミズク,16485
ビアレストラン,16464
インデアン,16457
ランズ,16430
ハンスト,16387
アイスダンス,16340
コンニチワ,16331
ハイネック,16314
スズムシ,16311
スカッド,16297
アマルガム,16285
チタニウム,16285
スイカズラ,16278
フヨウ,16262
トイレット,16184
トコロテン,16174
ホトケノザ,16174
キンカ,16134
マイクロホン,16096
スカンク,16090
タイラント,16072
フワリ,16040
スパッタリング,16027
ポトリ,16020
ミサゴ,15979
プロテニス,15971
パラボラ,15966
パゴダ,15936
ジフテリア,15929
オキシダント,15922
サイプレス,15918
ハコベ,15859
ベンガラ,15837
マズルカ,15833
スキムミルク,15818
カモノハシ,15815
サワガニ,15813
ゴトウ,15810
アオムシ,15802
トロイカ,15792
クシャクシャ,15778
ヤマアラシ,15776
エゾマツ,15737
ドブネズミ,15725
レンギョウ,15712
ドクトル,15711
シリング,15701
ケイソウ,15694
ミンククジラ,15679
タガメ,15668
バンドネオン,15659
インストラクション,15653
スマック,15640
コゴミ,15639
ゾウムシ,15630
チョゴリ,15620
ヘレニズム,15603
タンタル,15596
ユキヤナギ,15590
アルピニスト,15584
スタンドアロン,15566
ワンチャンス,15563
クレバス,15524
カタル,15520
スタントマン,15511
ペレストロイカ,15509
ミツマタ,15493
カゼイン,15483
ペディキュア,15422
メガワット,15372
テンソル,15370
クマタカ,15347
ベンジン,15313
ヤドリギ,15309
タンブリング,15282
スキッド,15271
イスカ,15243
イオンエンジン,15225
スライダ,15216
カンバス,15213
ジャズバンド,15176
ミズナ,15166
プリンティング,15162
フォアハンド,15151
スコアブック,15144
シャブシャブ,15126
ダブルキャスト,15101
クサガメ,15098
パンパ,15093
ロハ,15070
ポリバケツ,15039
カンバ,15027
ダムサイト,15020
ジルコニウム,15012
コノシロ,14998
メチオニン,14966
メトロポリス,14955
ゲジゲジ,14952
コマドリ,14922
グルタミン,14905
ミスキャスト,14905
ウシガエル,14850
ダウンサイジング,14836
アテレコ,14816
フナムシ,14811
パラス,14806
バカタレ,14779
プライバシ,14765
ビフテキ,14760
エクボ,14754
ワイア,14722
スタイルブック,14717
グラジオラス,14700
コンポジション,14695
インクライン,14694
ナショナリスト,14675
ホオズキ,14660
コサイン,14659
ズック,14635
カラスウリ,14630
エゴノキ,14600
ラグランジュ,14566
ニセアカシア,14544
アンチモン,14536
プロミネンス,14514
ニホンカモシカ,14424
ベニバナ,14398
シンシン,14389
ヤマドリ,14378
フッコ,14370
ミンミンゼミ,14364
ロビイスト,14353
エミッタ,14342
ネジバナ,14335
トリウム,14333
ピクチャ,14319
コハダ,14302
インタプリタ,14300
ビデオレンタル,14297
タマムシ,14292
ニウム,14284
アセンブル,14278
スタウト,14275
コマツナ,14187
ボンディング,14177
パトス,14143
ジャイアントパンダ,14122
スナッチ,14059
ユッカ,14045
バラライカ,14016
バスレフ,14000
ジャムセッション,13949
ベストスコア,13932
ロックアップ,13926
インタビュ,13900
ピストンリング,13890
イタリック,13866
ゴイサギ,13866
コガモ,13856
サブジェクト,13838
シャコンヌ,13834
ナガスクジラ,13792
サラダオイル,13789
ボンタン,13773
スキッ,13767
レタリング,13756
ドンファン,13737
コスモポリタン,13726
サナトリウム,13716
シャボテン,13669
ラワン,13664
コンツェルン,13594
オミナエシ,13580
ブト,13568
カナッペ,13561
ハテ,13557
テンス,13553
フェスティヴァル,13523
ゾウリムシ,13483
コケモモ,13447
ライギョ,13433
クルマエビ,13414
キュロット,13403
ケルビン,13390
エッセン,13383
カササギ,13351
カナヘビ,13341
オンラインシステム,13326
ジャックナイフ,13323
フェティシズム,13294
スグリ,13266
カデンツァ,13264
コンデンスミルク,13261
マンゴスチン,13255
ヤッケ,13236
マガレイ,13227
ヨシノボリ,13214
ハイファイ,13209
ジバン,13201
ダイダイ,13200
シキミ,13194
ノンポリ,13182
イカリソウ,13174
パパイア,13154
エシャロット,13131
ヒオウギ,13092
アシナガバチ,13091
ツベルクリン,13084
カウントアップ,13063
ノウゼンカズラ,13051
ダリヤ,13048
カミツレ,13023
オウン,12995
ハイポ,12984
チョウジ,12980
ギボシ,12976
ヒタヒタ,12945
シャンピニオン,12940
シングルライフ,12939
レイオフ,12930
ベルモット,12926
ベリリウム,12906
アカザ,12898
ツクツクボウシ,12858
ペントハウス,12854
ウコギ,12846
ウイット,12825
ニシキヘビ,12824
シマフクロウ,12818
セミコロン,12765
コチコチ,12764
イリオモテヤマネコ,12753
ダイヤグラム,12737
ノビル,12724
ビスマス,12710
フェッチ,12707
カリエス,12701
チンキ,12693
セシウム,12686
ハモニカ,12685
プレックス,12678
スケトウダラ,12675
ヤマイモ,12662
アイスマン,12658
ハンドバック,12654
プラウ,12633
ワイル,12607
デッドライン,12604
ゼニガメ,12593
ロギング,12577
モクセイ,12545
アズサ,12534
トラヒック,12520
ゴホゴホ,12500
サンザシ,12490
ホイスト,12464
ハラン,12459
ペチカ,12451
バックアタック,12445
ニトログリセリン,12433
サヤエンドウ,12425
クイナ,12422
ネムノキ,12415
ジベレリン,12410
アテンション,12397
タチアオイ,12358
チフス,12317
ウミヘビ,12302
アオダイショウ,12268
ジルコン,12262
プログラマブル,12260
アマチュアカメラマン,12239
ウヤムヤ,12219
オフコン,12202
ヤマトナデシコ,12179
ボテボテ,12143
アンプラグド,12134
キンギョ,12057
カマドウマ,12034
ダイオウ,12030
ケイトウ,12020
アペリティフ,12006
メイプルシロップ,11992
アドバンスド,11977
シトロン,11942
インクリボン,11926
リップスティック,11921
イタメシ,11897
モダリティ,11873
ハマユウ,11824
ビジネスライク,11806
プレッツェル,11764
オウチ,11744
ライトバン,11744
クロユリ,11736
ストロンチウム,11735
ルテニウム,11708
ウンカ,11693
シャンシャン,11692
マガジンラック,11678
アブサン,11664
ホンダワラ,11643
アポイントメント,11636
タロイモ,11627
フラノ,11614
ハクモクレン,11566
ミソサザイ,11566
オミット,11563
アニリン,11553
ハンケチ,11537
テンポラリ,11523
ランチュウ,11508
ロマンティシズム,11488
マルメロ,11446
ホノボノ,11427
ネオジム,11419
ウルメ,11407
エピック,11406
ファクタ,11393
リンギ,11390
スノッブ,11366
ヘソクリ,11345
アリクイ,11343
フジバカマ,11337
テクノポリス,11315
パップ,11305
サルタン,11303
プリンシプル,11287
シラウオ,11284
ヤスデ,11275
ドッシリ,11263
ポケットベル,11261
パリジャン,11233
フランネル,11165
アリナミン,11157
シラサギ,11145
ゲンノショウコ,11142
マドロス,11139
マイシン,11128
ニオブ,11127
バックアップファイル,11121
ミクロコスモス,11113
キクイモ,11110
ビビンパ,11077
ハツカネズミ,11070
ナマイキ,11069
ピュレ,11050
ハムシ,11048
シンクロナイズドスイミング,11047
スモン,11047
チシャ,11039
バンカラ,10992
サルノコシカケ,10987
ジャコウ,10981
アナリシス,10975
デバック,10951
ノイバラ,10948
ムロアジ,10917
モウセンゴケ,10910
セガレ,10909
ブタン,10905
カナカナ,10873
コウチョウ,10873
ネコヤナギ,10865
タックスヘイブン,10855
サイクロトロン,10841
ヒガンザクラ,10841
ズシン,10840
フルバック,10833
イラクサ,10828
ゲシュタポ,10784
フラク,10779
バリコン,10777
セッコク,10772
プリマドンナ,10743
ポアソン,10737
リント,10727
デッドロック,10696
カンパン,10694
オタオタ,10690
チャキチャキ,10687
ワニス,10683
ミノムシ,10667
マクリ,10651
ファインダ,10639
シオカラトンボ,10576
モスリン,10560
オオムギ,10551
ナツメヤシ,10519
バッタバッタ,10517
コウゾ,10504
サティアン,10484
サナダムシ,10474
サイエンティスト,10438
ウメモドキ,10432
テンペラ,10412
アオギリ,10410
モケット,10386
コッヘル,10378
アメリカナイズ,10359
テルル,10359
ココヤシ,10358
カジメ,10343
アザレア,10335
テッポウユリ,10311
タイマイ,10304
サイホン,10300
フラクション,10290
サンタマリア,10275
ミトス,10274
バタッ,10263
オバタリアン,10252
ラビオリ,10208
ハンミョウ,10200
コケティッシュ,10197
マジョリカ,10194
アオミドロ,10191
ジュンサイ,10171
モチノキ,10150
テングサ,10144
ジギタリス,10143
ハイタカ,10129
スミイカ,10122
トレパン,10098
ヤグラ,10092
ヤマノイモ,10079
バテレン,10071
ナノレベル,10066
トラピスト,10056
アプリオリ,10046
エコロジ,10013
デジタルデバイド,10008
ロックアウト,10006
シンタックス,10003
モロコシ,10003
ヤマブドウ,9995
マゾヒズム,9961
プロセッシング,9950
リンネル,9947
マスプロ,9944
フリップフロップ,9938
スペリング,9933
ネブ,9924
ドバト,9904
タリウム,9898
ネップ,9889
ヒヒヒ,9883
ハボタン,9879
ワレモコウ,9810
ムクノキ,9781
キャピタリズム,9778
ザボン,9763
カンラン,9750
キイチゴ,9748
シンクロトロン,9745
セリウム,9745
キンコ,9741
レトロウイルス,9740
プロッタ,9726
ケムシ,9710
エニシダ,9696
ヤマカガシ,9691
オトギリソウ,9689
ポリティカル,9687
ウラジロ,9680
アカガエル,9673
エトランゼ,9659
ウィンナ,9648
テストパイロット,9628
ホウセンカ,9581
キョウチクトウ,9555
サンチ,9549
アオバト,9534
ジャポニズム,9520
ニイニイゼミ,9520
アトランダム,9519
デカダンス,9511
サッカリン,9466
アレルギ,9436
ホッパ,9426
ジニア,9412
アカウンティング,9404
ヒステリシス,9398
ヴィヴィッド,9391
ネクタイピン,9366
コランダム,9345
ヘクト,9339
ライムライト,9334
キャラコ,9319
シマヘビ,9313
キャッシュメモリ,9279
モダンジャズ,9274
マラヤ,9248
アイバンク,9244
リストラクチャリング,9240
ナルシシズム,9238
シロウオ,9221
アラメ,9212
ツエ,9212
プレフィックス,9193
ヘット,9171
カフスボタン,9164
フェアリング,9147
カスト,9124
アスナロ,9119
フォトレジスト,9116
マツバ,9111
トウキビ,9109
オキナグサ,9086
ズサン,9078
ナガイモ,9073
キンセンカ,9060
マルチプロセッサ,9059
ジャズメン,9052
ヌエ,9046
ナフキン,9040
ネシア,9026
ブックエンド,9020
ヨトウムシ,9014
ヤツデ,9013
ヘビイチゴ,8998
ハダシ,8990
ゾンデ,8985
ウラニウム,8981
ミズヒキ,8950
アサツキ,8936
サディズム,8932
ナショナルトラスト,8929
エレキテル,8924
オニユリ,8915
オモト,8911
ウィンドゥ,8908
テンサイ,8901
エアポケット,8887
トコブシ,8881
バショウ,8858
トノサマガエル,8840
バッファリング,8830
グラフィクス,8814
ペンディング,8796
ケバケバ,8775
リノリウム,8768
オシベ,8760
クロモジ,8734
デモン,8722
バイアスロン,8713
ヴィザ,8711
ブッポウソウ,8710
キュウコン,8704
コウヤマキ,8664
サクション,8658
アカエイ,8650
フンボルト,8617
タイムトンネル,8608
メガロポリス,8606
ツリガネ,8601
セマンティック,8594
エフェドリン,8592
ギブアンドテイク,8584
ポケコン,8576
イシガメ,8570
ショウジョウ,8550
ホオノキ,8516
ガザミ,8508
ヒロイック,8497
プルト,8496
トラノオ,8470
ワケギ,8466
ニクロム,8455
セマフォ,8452
インパクトプリンタ,8428
テクニクス,8424
ミジン,8405
ジンチョウゲ,8387
ウトウ,8375
ナノハナ,8367
カルチュア,8357
ストラックアウト,8326
ノンブル,8314
コンサルト,8312
アデノイド,8306
パンタロン,8300
カチンコチン,8287
プレタポルテ,8287
カバディ,8285
スクレ,8267
ヤノフ,8264
システマチック,8260
ラペル,8225
シナノキ,8204
トロツキスト,8201
テトロン,8194
スオウ,8191
ムクロジ,8189
デカダン,8166
イトミミズ,8159
チサ,8138
コデマリ,8123
サクラエビ,8103
トクサ,8034
センチメンタリズム,8033
アフォリズム,8013
チェレスタ,8005
ミソハギ,7983
アリジゴク,7924
シュンラン,7920
クマバチ,7919
ウィンドウサイズ,7912
エタン,7911
エンゼルフィッシュ,7910
ハッサク,7905
ヒトリシズカ,7893
シャンタン,7887
ホタテガイ,7883
ワセ,7871
ヨメナ,7868
キャビネ,7867
ナタマメ,7866
ポンス,7859
カンデラ,7844
スカラップ,7841
ヤブコウジ,7834
ノルム,7826
カイメン,7815
チリンチリン,7795
ズケズケ,7755
コンパクトディスク,7754
タンジェント,7752
ポコペン,7709
トウガン,7707
テレックス,7699
ジンタ,7697
サンドイッチマン,7688
カピタン,7673
ムベ,7670
タラノメ,7655
サイカチ,7652
メフィストフェレス,7632
サヤインゲン,7613
トラツグミ,7611
リトマス,7604
エクトプラズム,7603
エッジング,7601
コウホネ,7597
ユズリハ,7593
ダボハゼ,7590
ゲンゲ,7581
ランダムアクセス,7579
バランシング,7570
キコリ,7552
ナベヅル,7545
ギヤマン,7540
マドリガル,7534
チガヤ,7530
ペシャンコ,7526
スキンダイビング,7519
メゾソプラノ,7504
デコラ,7498
ヒロイズム,7492
ウツボカズラ,7491
サラセン,7488
マンリョウ,7479
フンボルトペンギン,7459
ディスクリプタ,7427
ビロウ,7427
バックトラック,7426
オジギソウ,7417
ナイトキャップ,7406
リベラリスト,7374
アカガシ,7371
コトン,7342
メジマグロ,7338
リュウゼツラン,7337
エロチシズム,7330
ウイキョウ,7317
チェッカ,7313
マルチプル,7253
サイキン,7243
ブッシェル,7240
ロマンチシズム,7230
チクロ,7229
メルトン,7227
フウラン,7224
エノキダケ,7222
ロングレンジ,7193
コミュニスト,7180
イワツバメ,7169
アルチザン,7157
エスキス,7155
トランジスタラジオ,7155
ソケイ,7148
カリカチュア,7137
ニシキゴイ,7133
シュンギク,7124
カラタチ,7118
カヤツリグサ,7114
ヒガラ,7107
ツツガムシ,7089
エノコログサ,7083
タイピスト,7083
ポラロイドカメラ,7076
ホオ,7072
アカメガシワ,7061
オシロイバナ,7042
インハウス,7032
テクスチュア,7029
ライブラリアン,7005
プレッシング,6987
ハレム,6986
ビュッ,6980
ナップザック,6969
スイバ,6954
モラリスト,6938
ギクリ,6931
バイメタル,6920
ハイフォン,6914
ニベ,6910
ササゲ,6904
マラリヤ,6904
カジカガエル,6891
アマドコロ,6881
ヤエザクラ,6875
カンショ,6866
コジュケイ,6866
セコイア,6850
ヒカリゴケ,6822
ポロニウム,6819
シビリアン,6817
ラノリン,6811
キブツ,6807
カデット,6799
ピアニシモ,6788
オモダカ,6767
ペセタ,6742
ウムラウト,6719
ヤソ,6719
リプリント,6715
カイバ,6707
ワラジムシ,6699
ビニロン,6680
ジャズマン,6678
ソフィスト,6674
ツヅラ,6672
ディオニソス,6664
アンパイア,6663
セレニウム,6661
ペンタッチ,6657
ホログラフィ,6657
ワインドアップ,6637
ダブダブ,6623
リソグラフィ,6623
ユウウツ,6620
スケソウダラ,6617
カポック,6611
ガラガラヘビ,6594
ピケット,6594
ジョロウグモ,6589
ワスレナグサ,6577
クァルテット,6570
プリプロセッサ,6568
ハモンドオルガン,6545
ナフタリン,6539
モウモウ,6535
ジラフ,6533
アンデパンダン,6530
ダッグアウト,6520
ヤングマン,6515
バチルス,6511
ニシキギ,6502
ハフマン,6493
ニワトコ,6478
エンサイクロペディア,6476
カワズ,6473
アドレッシング,6465
アメリカシロヒトリ,6465
カヒ,6427
クンシラン,6411
タラノキ,6408
サイネリア,6406
カラシナ,6402
ストレプトマイシン,6380
マルチプレクサ,6368
タフタ,6365
イットリウム,6362
ユキワリソウ,6361
マグネシア,6346
ブンタン,6301
バイヤス,6300
サルトリイバラ,6298
ザンゲ,6298
モグサ,6292
トトカルチョ,6287
ノンプロ,6285
オトシブミ,6284
ヤツメウナギ,6269
ボダイジュ,6263
ヒマラヤスギ,6260
レプラ,6244
ヨコバイ,6231
ケイス,6218
シネスコ,6207
マダケ,6200
ウジムシ,6197
ディスパッチ,6195
キスリング,6182
ユスラウメ,6164
レンゲソウ,6154
カトレヤ,6151
ヒットエンドラン,6127
トリコット,6121
モダンリビング,6104
ウッドパネル,6091
スベリヒユ,6082
アカトンボ,6074
ボルシェビキ,6069
ブユ,6059
リケッチア,6059
コミュニズム,6053
シュモクザメ,6051
シノプシス,6043
デメキン,5998
フレキシブルディスク,5993
リジェクト,5992
コウシン,5991
シフトレジスタ,5971
フノリ,5970
メシベ,5958
リリシズム,5942
ハチク,5930
ハゲワシ,5928
ヒナゲシ,5927
ファクトリ,5914
ヒタキ,5907
カワラナデシコ,5891
ヤママユ,5889
アンチック,5869
アクチュアル,5857
インテグリティ,5847
イサザ,5838
トランスファ,5829
ニグロ,5820
ハシバミ,5806
タイサンボク,5779
メンス,5771
アベイラビリティ,5768
リミットスイッチ,5768
パンパス,5755
エイジェント,5744
タランテラ,5743
ヒワ,5738
ユウガオ,5716
ホリゾント,5715
ニヒリスト,5706
レンジャク,5706
アフィン,5697
コノハズク,5697
ファナティック,5697
マグナカルタ,5689
クレナイ,5686
インタナショナル,5682
ツツドリ,5672
グランプ,5670
クィック,5666
シャンツェ,5650
カレンズ,5649
マンネリズム,5649
ケシゴム,5640
エキジビション,5628
カタブツ,5613
ジュウシマツ,5592
インバネス,5588
イッカク,5572
ディレクタ,5549
コンカレント,5546
セクショナリズム,5546
マシマロ,5541
エトス,5540
チャオズ,5535
ベンチャ,5513
ベンケイソウ,5494
フットライト,5491
オドリコソウ,5479
シノニム,5473
リアリスティック,5469
シラカンバ,5466
ボリバル,5461
ヤツガシラ,5443
ヌルデ,5431
モシモシ,5431
バンパイヤ,5424
マントヒヒ,5423
ベトン,5419
ジャンケンポン,5416
ベリファイ,5415
ヒストリ,5391
ディプス,5384
ハハコグサ,5384
シングルスカル,5380
マヌカン,5377
ジョンブル,5371
ポリアクリル,5357
アクセプト,5348
ウスバカゲロウ,5344
ネコジャラシ,5342
マクワウリ,5342
プッシュホン,5340
マナガツオ,5333
エンドライン,5330
カンシャ,5318
ヤキイモ,5310
カコウ,5309
クマンバチ,5306
シャッポ,5269
クロキ,5265
ダダイズム,5243
ヒツジグサ,5231
トランシット,5230
シュウカイドウ,5197
ピコット,5197
オルランド,5192
トップタイ,5178
メンタイ,5167
セツルメント,5164
トウバンジャン,5164
カジュアルウエア,5151
ディレッタント,5148
シンボリズム,5126
アカゲザル,5124
アオノリ,5121
アコヤガイ,5121
ホスゲン,5109
ホワイトボックス,5088
レモンスカッシュ,5087
アシダカグモ,5083
ヨウヘイ,5078
フロップ,5075
クレオン,5063
マツムシ,5047
ラッカセイ,5020
タカナ,5019
ドルメン,5017
ギフトチェック,5016
アナナス,5012
シンクロナイズ,5010
ウオツカ,5009
シェラック,4988
ニワゼキショウ,4988
ドッド,4985
ケジラミ,4968
マテガイ,4966
アンジェラス,4942
ゲマインシャフト,4939
アナウンサ,4927
ハリエンジュ,4927
ビリング,4926
アルカイック,4912
エボナイト,4911
ミヤコワスレ,4908
サジェスチョン,4899
ノバラ,4885
オウバク,4864
モッコク,4864
クランケ,4861
ランタノイド,4855
バタバタバタ,4854
オプティマイザ,4852
コウナゴ,4851
ジャノヒゲ,4840
サイドアウト,4839
マルキスト,4836
リュウノヒゲ,4832
アレグレット,4827
イヌタデ,4827
タイプライタ,4814
ビデオオンデマンド,4809
ソウギョ,4806
ルビジウム,4791
ペプシン,4774
マオウ,4766
ソップ,4757
クルップ,4745
ゲバルト,4732
カニクイザル,4726
カナガシラ,4724
イトメ,4723
バックスキン,4720
マナヅル,4719
シロヘビ,4708
グアノ,4696
ユマニテ,4692
ヨシキリ,4688
スポンサ,4680
キャプスタン,4645
テルミット,4645
カルメラ,4643
ソンブレロ,4643
ダッキング,4633
ソウダガツオ,4631
マルキシズム,4626
ヴィオロン,4618
デタント,4615
パサデナ,4614
ペンフレンド,4610
ハゼノキ,4604
オウトウ,4596
セコハン,4593
カラムシ,4592
モジュラ,4588
セキチク,4584
ダブルスカル,4582
プラズマパネル,4567
ディフォルト,4564
ドクガ,4564
エンバク,4562
プルス,4540
ミヤコドリ,4527
カバノキ,4518
ゴマメ,4507
ゲゼルシャフト,4496
ミスプリント,4472
ケイヒ,4467
ヤブガラシ,4464
モメント,4442
プチブル,4435
マルチレベル,4430
セミクジラ,4427
シタビラメ,4412
ゴチック,4397
コプラ,4387
ジャコウネコ,4387
コウバイ,4379
エンダイブ,4367
ロストル,4356
ヒガイ,4354
ポトポト,4354
ムグラ,4353
キクイタダキ,4348
アナクロニズム,4347
ハルゼミ,4342
ペリフェラル,4336
ハフニウム,4327
マンジュシャゲ,4320
トリプレット,4319
マツバボタン,4308
テレタイプ,4306
ゼムクリップ,4301
ツルレイシ,4301
ベンベルグ,4287
ネキリムシ,4284
チッキ,4261
ナメタケ,4253
ジネンジョ,4248
アラビアゴム,4246
トロロアオイ,4237
クロミック,4232
モノリシック,4230
ビャクダン,4226
シラブル,4225
ヘアトニック,4225
コアカリキュラム,4223
パラチフス,4205
ディオラマ,4200
フルオロウラシル,4187
バルサム,4182
ガボット,4176
ビデオカセット,4176
ハマボウフウ,4167
ヤマトイモ,4155
レニウム,4153
マツバギク,4136
ココム,4132
ヤコビ,4131
クロルピクリン,4126
キャラクタセット,4118
サンキライ,4115
キコウ,4113
ヨタカ,4111
フタリシズカ,4096
トゲウオ,4088
ニホンカワウソ,4076
エクラン,4071
スギゴケ,4068
マゾヒスティック,4067
レトロフィット,4059
エンタシス,4055
オルガスムス,4053
ブルネット,4053
ゼニゴケ,4039
ジュズダマ,4032
ミズスマシ,4023
コンツェルト,4015
ペシミスト,4014
エンリッチ,3996
スカイメイト,3995
サブプログラム,3992
カイコガ,3989
マルチタスキング,3989
カルトン,3981
マクロコスモス,3963
パデ,3960
バカガイ,3939
ソシアルダンス,3936
ピビンバ,3934
スガル,3933
ペシミズム,3915
チャドル,3907
ベニザケ,3905
パラチオン,3898
ネスティング,3877
ドラクマ,3870
ヒャクニチソウ,3862
アオカビ,3850
イニシャライズ,3847
ビンナガ,3833
ワビスケ,3829
テレホンクラブ,3822
マクラメ,3815
オガタマノキ,3810
バカボンド,3806
ディクス,3799
マネジメントサイクル,3798
センニチコウ,3795
スイギュウ,3791
ウドンゲ,3774
ハナズオウ,3766
クロクマ,3758
スクエアダンス,3755
アクチノイド,3736
ジャケツ,3736
コキュ,3732
オウバイ,3726
ディシジョン,3721
ヤグルマギク,3711
アメリカニズム,3700
ユニテリアン,3692
バッケン,3687
サマリウム,3672
クサカゲロウ,3669
オニグモ,3662
スタックポインタ,3645
パリティビット,3642
ピビンパ,3641
フリカッセ,3631
コウチュウ,3629
フクベ,3627
レアリスム,3626
ヤグルマソウ,3624
インジゴ,3606
ビキニスタイル,3599
イエバエ,3595
セキショウ,3578
ラムジェット,3562
ウマノアシガタ,3559
ナイキスト,3556
ヘッドホンステレオ,3552
ユニパック,3542
ユニファイ,3541
ランダムサンプリング,3531
ピチッ,3528
メンズウェア,3510
コウメ,3504
レイヨウ,3489
カイソウ,3487
ハマダラカ,3483
リュウキン,3483
スカンポ,3477
エピキュリアン,3474
カラザ,3468
ボウフウ,3465
ビヨウヤナギ,3464
ケガニ,3459
シダレヤナギ,3444
アサクサノリ,3440
カイケイ,3436
デュプレックス,3433
ハンザキ,3433
ヒユ,3430
テンナンショウ,3423
エクゼクティブ,3418
シャクトリムシ,3410
アクアラング,3409
アノラック,3399
カットグラス,3398
サイバネティックス,3398
スカンジウム,3397
ルンゲ,3381
シネラマ,3374
イエダニ,3365
タンブリン,3361
マルチプレックス,3355
バッファメモリ,3352
タカキビ,3347
オトコエシ,3343
アカガイ,3328
カラリスト,3326
スズカケノキ,3326
シオデ,3317
トモグラフィ,3316
ガドリニウム,3314
ドレメ,3312
リゾルバ,3308
セメン,3306
オゴノリ,3300
ハンブル,3294
カシュウ,3293
ベルトライン,3293
カイガラ,3292
クリスタルグラス,3286
プラトニックラブ,3285
エンマコオロギ,3284
テリヤ,3281
レスビアン,3281
ガンピ,3276
アトモスフィア,3267
レフレックス,3259
クツワムシ,3257
レンコダイ,3253
フォロア,3245
ツバクロ,3236
アクロバチック,3227
フロッピ,3217
サプレス,3213
カスイ,3209
フォアグラウンド,3189
テレメトリ,3182
テレフォンバンキング,3179
クソムシ,3175
ヒメユリ,3172
イボタ,3168
サネカズラ,3168
アオガエル,3167
モワッ,3166
アッケラカン,3165
バッカル,3159
ブンチョウ,3156
イグジット,3155
カナメモチ,3149
エスペランチスト,3131
ゴギョウ,3127
ホッキガイ,3127
フェイスオフ,3108
ユニタリ,3106
スライシング,3095
ドイツマルク,3094
パララックス,3088
コメツキ,3087
キャンプファイア,3086
ミズムシ,3086
カンツバキ,3073
ナアナア,3070
ジガバチ,3065
ナツミカン,3065
ベッコウトンボ,3057
カナマイシン,3049
レクチュア,3044
ノンセンス,3033
ピレトリン,3032
ツマグロヨコバイ,3017
インデクシング,3015
ハイソサエティ,3012
ディスケット,3010
グラスノスチ,2995
マスタファイル,2995
キヅタ,2988
ニュウナイスズメ,2987
ハクトウワシ,2975
コメツキムシ,2973
オマジナイ,2967
ゴムノキ,2961
ロックオペラ,2950
リンゲル,2945
ジンコウ,2937
ディスパッチャ,2935
ラジオゾンデ,2935
イニシアル,2929
カセイ,2925
スズカケ,2925
クモザル,2923
モノタイプ,2897
ユニオンショップ,2896
バルコン,2893
ヤブジラミ,2890
カッカッカッ,2888
キコン,2885
タビラコ,2884
メキャベツ,2879
ムシガレイ,2872
コクゾウムシ,2866
ゴヨウマツ,2854
ソフトウェアシステム,2841
カセキ,2839
キササゲ,2834
イクイップメント,2817
メソン,2817
ハチス,2814
スノビズム,2810
ドンタク,2803
オスミウム,2802
コンパクション,2801
テンジクネズミ,2796
フォックストロット,2791
トウゴマ,2790
サンゴジュ,2787
マキガイ,2780
ジュウイチ,2774
ブロックサイン,2773
レスポンスタイム,2773
フトイ,2771
スタンザ,2767
フォトリソグラフィ,2763
モウソウ,2763
テクネチウム,2760
レグホン,2757
コウライシバ,2754
タイムスイッチ,2751
ジャイロコンパス,2740
ラプラシアン,2737
オンザフライ,2710
ナルシシスト,2704
クックブック,2701
ダダイスト,2698
クリティカルセクション,2693
トケン,2690
イギリスポンド,2686
サンパン,2686
ツボスミレ,2685
ジュウヤク,2679
ディジット,2679
ワキン,2675
アコウダイ,2671
バックアウト,2668
コゴメ,2665
アシビ,2664
ポプリン,2664
エスエフ,2663
デクレッシェンド,2651
カトンボ,2647
リンガフォン,2645
エクイティファイナンス,2634
イシナギ,2628
イチビ,2624
ハイギョ,2616
ツキミソウ,2614
アドレスバス,2609
タガヤサン,2606
マルチポイント,2606
ヨルガオ,2593
サルオガセ,2592
マイクロプログラム,2590
ツチグモ,2585
ヤエムグラ,2583
サトウダイコン,2582
チドメグサ,2577
ヴァイラス,2576
カラスムギ,2561
サツキツツジ,2558
クワス,2552
カプリチオ,2549
サウンドボックス,2549
ジストマ,2546
モノマニア,2545
デシン,2542
ソフトウェアバグ,2537
ディスペンサ,2535
ハツカダイコン,2533
アマノリ,2529
ワスレグサ,2527
シオフキ,2516
イボダイ,2515
コロタイプ,2514
ジャコウジカ,2514
キンバエ,2510
キンケイ,2504
シルケット,2499
クラブサン,2498
チョマ,2497
ライムギ,2494
スプン,2493
タコノキ,2493
オバナ,2481
スワップアウト,2478
デビュウ,2477
ツルナ,2475
ヘッディング,2473
シンクイムシ,2471
リエントラント,2465
キャラボク,2457
チェッキング,2448
ギョリュウ,2437
カンボク,2433
マスチフ,2433
ランレングス,2422
ネプツニウム,2421
サイボウ,2419
シンジュ,2414
ノネズミ,2410
ワイヤボンディング,2407
ネマチック,2392
ハエトリグサ,2392
シロウリ,2374
インタビュウ,2373
クサボケ,2373
システムプログラム,2370
ポイントダウン,2369
ヤマイヌ,2368
アタックライン,2364
ベチャッ,2359
クロスコンパイラ,2351
マイクロステップ,2350
ヒカゲノカズラ,2334
ヤブカ,2334
メリンス,2329
パリティチェック,2325
ベッチン,2318
スタッカ,2317
クリスチャニア,2305
ホラガイ,2304
モミジアオイ,2284
リリヤン,2280
コケット,2278
カネタタキ,2268
リカット,2268
エディティング,2262
ヘリカルスキャン,2257
コスメチック,2249
ニワウメ,2235
ミチシルベ,2230
ハナヤサイ,2229
コノハチョウ,2227
ミニマックス,2227
ムギワラトンボ,2227
ワギナ,2227
ツェツェバエ,2225
ガルバンゾ,2222
スナイドル,2222
マルチプロセッシング,2222
ナンキンムシ,2214
ヒメコマツ,2210
マタニティドレス,2198
オロカ,2191
パンノキ,2184
カラスガイ,2181
コストプッシュ,2180
イボタノキ,2177
ホストマシン,2177
ヤマバト,2159
ラインプリンタ,2159
ツバナ,2157
オニアザミ,2155
タルカン,2155
プリアンブル,2155
カカン,2153
ハジカミ,2153
フォルティシモ,2152
カイジュウ,2149
ビブリオマニア,2149
アドレスレジスタ,2147
リュウガン,2144
ヴィタミン,2144
アゲマキ,2143
ヨウナシ,2142
ウマゴヤシ,2138
エキゾチシズム,2138
ハジッコ,2136
ティケット,2133
クヮルテット,2130
ハマオモト,2127
スラッシング,2125
プロポジション,2120
シチメンチョウ,2117
ゲッケイジュ,2104
リワインド,2099
キルク,2095
デバッギング,2093
デヘヘ,2090
マグネチック,2090
クロテン,2089
コクタン,2089
タマナ,2086
アタッシェ,2084
インダストリ,2074
マゴイ,2055
コウボ,2046
マストドン,2042
スタティックリンク,2041
フォトエッチング,2037
ライトペン,2033
オセチ,2026
ハイパント,2021
トコナツ,2016
デスクリプタ,2002
シフトイン,2001
パロチン,1999
コントラルト,1987
パラメトロン,1982
イワツツジ,1981
バンキングシステム,1980
サントメ,1977
テントウムシダマシ,1973
プラスチックキャップ,1958
イエスズメ,1954
カジノキ,1954
シラタマ,1952
ウバガイ,1949
ギャバジン,1948
ビルドゥングス,1944
ニカメイチュウ,1943
タケニグサ,1942
ベアラ,1942
ナックルフォア,1941
ゲンゴロウブナ,1940
セセッション,1937
テッポウムシ,1933
ハゲイトウ,1931
コウリャン,1930
ヒクイドリ,1925
フダンソウ,1924
エピグラム,1916
ペンペングサ,1915
ダイナゴン,1914
テラマイシン,1909
ゲッカ,1907
イッテルビウム,1900
アンパック,1899
メンシェビキ,1895
ディフェクト,1889
クロマメ,1886
ライトミドル,1881
オマツ,1879
ウマオイ,1876
パンクロ,1876
ピザパイ,1870
アダジオ,1868
テンジク,1868
キョウリュウ,1865
マスプロダクション,1863
ショウロ,1862
ヒゲペンギン,1860
ストマイ,1859
コアメモリ,1854
プロダクションシステム,1853
ニクズク,1844
カワヤナギ,1842
インデックスレジスタ,1841
ニッポンチャレンジ,1839
ズルチン,1838
ハツタケ,1838
ホルマント,1838
パイロットモデル,1836
コメツキバッタ,1831
パンチャ,1828
モディファイド,1827
バイオニクス,1825
ボタンザクラ,1825
ジスプロシウム,1807
アメリシウム,1806
ソリブジン,1804
シニアプロ,1803
クロックパルス,1800
ユウロピウム,1796
オキシフル,1794
プロッティング,1792
アンペラ,1788
ケゴ,1788
ジェスチュア,1781
ミリタリズム,1781
フェナセチン,1772
ツクネイモ,1767
シュミネ,1764
ノミナル,1763
ハジラミ,1761
ディスインフレ,1760
グルント,1747
メッチェン,1746
メダケ,1745
ヤングレディ,1745
パクン,1744
セミタイト,1740
ギョロッ,1728
ルパシカ,1719
ワニザメ,1719
ピックルス,1711
クロカビ,1710
フロリン,1707
サクラガイ,1704
アポステリオリ,1703
キョウニン,1702
エルビウム,1694
ツノマタ,1694
ゲッカビジン,1686
ジグモ,1686
ビナンカズラ,1686
テルビウム,1659
チョウセンニンジン,1655
モジズリ,1651
シズイ,1650
ツリガネソウ,1647
エコノミカル,1646
シバエビ,1646
スイッチョ,1646
アンゴラウサギ,1641
イワタケ,1640
マルチファイル,1637
ライノタイプ,1637
ポメロ,1635
チンチョウゲ,1627
リャンコ,1624
シュミットカメラ,1621
シャマニズム,1619
アルゴリズミック,1615
アドレシング,1609
チャプスイ,1607
シバグリ,1606
カラタチバナ,1605
サルバルサン,1605
ケカビ,1599
ミツスイ,1593
ティピカル,1587
ヘブライズム,1587
オナガドリ,1582
ヌイユ,1581
ペダンチック,1581
シロホン,1579
ジムシ,1577
ニカメイガ,1577
オイランソウ,1576
イトスギ,1565
ニヒリスティック,1563
ウノハナ,1562
バディシステム,1562
メドハギ,1560
マルチスペクトル,1548
マニュスクリプト,1545
トリムライン,1543
クィンテット,1541
コクガ,1541
ニンドウ,1541
バギナ,1541
サクサン,1530
トラックピッチ,1529
アパチャ,1525
ヒュルヒュル,1521
アペンディックス,1514
コウシンバラ,1514
ドロノキ,1505
アストリンゼント,1503
カルサン,1502
ハブソウ,1502
トリコマイシン,1499
モジュロ,1499
シネラリア,1495
ドライミルク,1492
セマンティックス,1489
ピンアップ,1489
デシマル,1484
キホウ,1483
アクチブ,1482
アメノウオ,1482
ガジマル,1479
シリアルプリンタ,1479
メナダ,1478
セミカスタム,1477
カケイ,1467
ミヤイリガイ,1464
コマネズミ,1452
ワライダケ,1451
エトワス,1448
ゼスチュア,1443
スコンク,1441
ナチュラリズム,1441
アジプロ,1440
ジバチ,1440
テラミス,1438
ハタオリ,1435
ペプラム,1434
マテリアリズム,1433
クレタケ,1426
オプチミスト,1423
アカチン,1422
サブチャネル,1420
オカチメンコ,1413
シバイヌ,1413
フォルマリン,1406
モッブ,1400
ホウキグサ,1399
ウオトカ,1398
ケプストラム,1397
スワップイン,1395
ノキシノブ,1392
プラセオジム,1386
サントニン,1385
ポンポンダリア,1385
センチメンタリスト,1384
プリコンパイラ,1382
グラフィックディスプレイ,1379
ハシッコ,1373
ニッパヤシ,1370
パッチベイ,1369
ポストプロセッサ,1366
ゴクラクチョウ,1363
ベクトルプロセッサ,1361
イノコズチ,1350
ロボティックス,1348
オハグロトンボ,1340
サジェッション,1339
ボンサンス,1335
イッチニ,1332
ブラウザチェック,1330
アスタチン,1326
ファッションブック,1326
コンセット,1325
ジャガタライモ,1324
トロロイモ,1318
アフタケア,1317
キョウガノコ,1317
コンテンション,1310
カンギク,1309
カットセット,1305
グルデン,1302
エゾギク,1295
バイチ,1293
カザック,1286
ヤチョ,1286
キクナ,1281
リスプ,1280
ブシュカン,1274
プレスビテリアン,1274
ムラサキハシドイ,1273
ポジショナ,1272
リンプン,1271
ウキブクロ,1267
セキズイ,1266
ゾルレン,1266
サラソウジュ,1263
コンチュウ,1261
カペイカ,1257
シッタン,1257
フロッピディスク,1255
クンシ,1254
ノンインパクト,1249
ルテチウム,1249
ゲンセイ,1245
ジュニアバンタム,1245
カナキン,1242
クッククック,1242
カゼクサ,1241
プロトケラトプス,1239
アブストラクション,1235
クロロマイセチン,1234
メインプロセッサ,1228
アンパイヤ,1221
ノッブ,1221
テンジクアオイ,1219
メイチュウ,1219
アストラカン,1216
ピアストル,1211
クロガキ,1207
トウナ,1204
フユウ,1197
プラグマチズム,1196
メタフィジック,1195
ユニットショップ,1193
フロントエンドプロセッサ,1191
マルキシスト,1188
エルブラン,1186
スイトウ,1181
クレッセンド,1180
ディジタイザ,1179
トレラント,1178
ストロフルス,1177
サンシキスミレ,1174
シジミバナ,1172
スラップショット,1166
ホテイソウ,1166
ハタラキバチ,1161
カリホルニウム,1160
トップダウンテスト,1149
アリヅカ,1146
ヒゴイ,1146
オポチュニスト,1141
エルゴステリン,1134
キョウナ,1132
エクセプション,1129
ササリンドウ,1129
テストパタン,1129
カルカヤ,1123
タニク,1123
モルフィック,1121
マクシマム,1120
キワダ,1115
シフトアウト,1115
インプリシット,1112
アカナス,1105
イタリアリラ,1100
ミチオシエ,1099
ニュウコウ,1098
ツナソ,1094
ハンディホン,1094
フランシウム,1094
ベニスズメ,1092
アグレマン,1091
マイクロアンペア,1091
ステップワイズ,1087
エゴノリ,1086
カンチク,1079
セラミックエンジン,1078
インドホシガメ,1077
ツリウム,1076
ウイングシャトル,1074
ホルミウム,1068
ウミボウズ,1066
キュウカンチョウ,1065
ベイチ,1062
クェスチョン,1051
ガルソン,1043
デブロッキング,1042
リスリン,1041
ジョチュウギク,1037
ディスパッチング,1032
ジュニアフライ,1028
ハダカムギ,1021
グロッシュ,1019
フェルミウム,1015
リポイド,1015
オシログラフ,1014
リゴリズム,1014
リュウガンニク,1013
ゲッケイ,1010
ラルゲット,1010
セキツイ,1007
ネジクギ,1005
グスグズ,1001
スイリュウ,1000
ヒャクジツコウ,1000